-- phpMyAdmin SQL Dump
-- version 5.2.1
-- https://www.phpmyadmin.net/
--
-- Máy chủ: 127.0.0.1
-- Thời gian đã tạo: Th1 05, 2024 lúc 05:49 AM
-- Phiên bản máy phục vụ: 10.4.28-MariaDB
-- Phiên bản PHP: 8.2.4

SET SQL_MODE = "NO_AUTO_VALUE_ON_ZERO";
START TRANSACTION;
SET time_zone = "+00:00";


/*!40101 SET @OLD_CHARACTER_SET_CLIENT=@@CHARACTER_SET_CLIENT */;
/*!40101 SET @OLD_CHARACTER_SET_RESULTS=@@CHARACTER_SET_RESULTS */;
/*!40101 SET @OLD_COLLATION_CONNECTION=@@COLLATION_CONNECTION */;
/*!40101 SET NAMES utf8mb4 */;

--
-- Cơ sở dữ liệu: `imart`
--

-- --------------------------------------------------------

--
-- Cấu trúc bảng cho bảng `tbl_brand`
--

CREATE TABLE `tbl_brand` (
  `brand_id` int(20) NOT NULL,
  `brand_name` varchar(100) NOT NULL,
  `cat_id` int(30) NOT NULL
) ENGINE=InnoDB DEFAULT CHARSET=utf8mb4 COLLATE=utf8mb4_general_ci;

--
-- Đang đổ dữ liệu cho bảng `tbl_brand`
--

INSERT INTO `tbl_brand` (`brand_id`, `brand_name`, `cat_id`) VALUES
(1, 'Camera trong nhà', 1),
(2, 'Camera ngoài trời', 1);

-- --------------------------------------------------------

--
-- Cấu trúc bảng cho bảng `tbl_cart`
--

CREATE TABLE `tbl_cart` (
  `user_id` int(11) NOT NULL,
  `pro_id` int(11) NOT NULL,
  `quantity` int(11) NOT NULL
) ENGINE=InnoDB DEFAULT CHARSET=utf8mb4 COLLATE=utf8mb4_vietnamese_ci;

--
-- Đang đổ dữ liệu cho bảng `tbl_cart`
--

INSERT INTO `tbl_cart` (`user_id`, `pro_id`, `quantity`) VALUES
(15, 40, 2),
(15, 44, 1),
(25, 40, 7),
(25, 44, 6);

-- --------------------------------------------------------

--
-- Cấu trúc bảng cho bảng `tbl_category`
--

CREATE TABLE `tbl_category` (
  `cat_id` int(30) NOT NULL,
  `cat_name` varchar(100) NOT NULL,
  `status_cat` int(11) NOT NULL
) ENGINE=InnoDB DEFAULT CHARSET=utf8mb4 COLLATE=utf8mb4_general_ci;

--
-- Đang đổ dữ liệu cho bảng `tbl_category`
--

INSERT INTO `tbl_category` (`cat_id`, `cat_name`, `status_cat`) VALUES
(0, 'Cổng tự động', 0),
(1, 'Camera thông minh', 0),
(2, 'Cảm biến', 0),
(3, 'Đèn LED thông minh', 0);

-- --------------------------------------------------------

--
-- Cấu trúc bảng cho bảng `tbl_order`
--

CREATE TABLE `tbl_order` (
  `order_id` int(11) NOT NULL,
  `total_price` int(50) NOT NULL,
  `date` date NOT NULL,
  `transport_fee` int(11) NOT NULL,
  `status` varchar(50) NOT NULL,
  `user_id` int(11) NOT NULL,
  `email` varchar(100) NOT NULL,
  `phone_num` varchar(12) NOT NULL,
  `address` varchar(100) NOT NULL,
  `note` text NOT NULL,
  `httt` varchar(200) NOT NULL,
  `htvc` varchar(200) NOT NULL
) ENGINE=InnoDB DEFAULT CHARSET=utf8mb4 COLLATE=utf8mb4_vietnamese_ci;

--
-- Đang đổ dữ liệu cho bảng `tbl_order`
--

INSERT INTO `tbl_order` (`order_id`, `total_price`, `date`, `transport_fee`, `status`, `user_id`, `email`, `phone_num`, `address`, `note`, `httt`, `htvc`) VALUES
(98, 51770000, '2022-06-20', 0, 'Đã hủy', 19, 'quytt0102@gmail.com', '0000111225', 'Hà Nam', '', 'Thanh toán tại cửa hàng', 'Giao hàng nhanh'),
(99, 31980000, '2022-06-20', 0, 'Giao hàng thành công', 19, 'quytt0102@gmail.com', '0000111225', 'Hà Nam', '', 'Thanh toán tại cửa hàng', 'Giao hàng nhanh'),
(100, 27980000, '2022-06-20', 0, 'Đã hủy', 18, 'duyln01@gmail.com', '0111222333', 'Quảng Ninh', '', 'Thanh toán tại cửa hàng', 'Giao hàng nhanh'),
(101, 35975000, '2022-06-20', 0, 'Giao hàng thành công', 18, 'duyln01@gmail.com', '0111222333', 'Quảng Ninh', '', 'Thanh toán tại cửa hàng', 'Giao hàng nhanh'),
(102, 92770000, '2022-06-20', 0, 'Đã hủy', 24, 'hungnv2001@gmail.com', '0912444555', 'Hà Nội', '', 'Thanh toán tại nhà', 'Giao hàng nhanh'),
(103, 6980000, '2022-06-20', 0, 'Giao hàng thành công', 24, 'hungnv2001@gmail.com', '0912444555', 'Hà Nội', '', 'Thanh toán tại cửa hàng', 'Giao hàng nhanh'),
(104, 42155000, '2022-06-21', 0, 'Phê duyệt', 17, 'kientd01@gmail.com', '0000111333', 'Hà Giang', '', 'Thanh toán tại cửa hàng', 'Giao hàng nhanh'),
(105, 31790000, '2022-06-21', 0, 'Chờ xử lý', 17, 'kientd01@gmail.com', '0000111333', 'Hà Giang', '', 'Thanh toán tại nhà', 'Giao hàng nhanh'),
(106, 39240000, '2022-06-21', 0, 'Chờ xử lý', 24, 'hungnv2001@gmail.com', '0912444555', 'Hà Nội', '', 'Thanh toán tại cửa hàng', 'Giao hàng nhanh'),
(107, 40330000, '2022-06-21', 0, 'Chờ xử lý', 24, 'hungnv2001@gmail.com', '0912444555', 'Hà Nội', '', 'Thanh toán tại cửa hàng', 'Giao hàng nhanh'),
(108, 8790000, '2022-06-21', 0, 'Chờ xử lý', 18, 'duyln01@gmail.com', '0111222333', 'Quảng Ninh', '', 'Thanh toán tại cửa hàng', 'Giao hàng tiết kiệm'),
(109, 55950000, '2022-06-22', 0, 'Chờ xử lý', 19, 'quytt0102@gmail.com', '0000111225', 'Hà Nam', '', 'Thanh toán tại cửa hàng', 'Giao hàng nhanh'),
(110, 28790000, '2022-06-22', 0, 'Đã hủy', 19, 'quytt0102@gmail.com', '0000111225', 'Hà Nam', '', 'Thanh toán tại nhà', 'Giao hàng nhanh'),
(111, 16390000, '2022-06-22', 0, 'Đã hủy', 19, 'quytt0102@gmail.com', '0000111225', 'Hà Nam', '', 'Thanh toán tại nhà', 'Giao hàng tiết kiệm'),
(112, 14990000, '2022-06-22', 0, 'Đã hủy', 19, 'quytt0102@gmail.com', '0000111225', 'Hà Nam', '', 'Thanh toán tại nhà', 'Giao hàng tiết kiệm'),
(113, 270000, '2022-06-22', 0, 'Chờ xử lý', 19, 'quytt0102@gmail.com', '0000111225', 'Hà Nam', '', 'Thanh toán tại nhà', 'Giao hàng nhanh'),
(114, 3490000, '2022-06-22', 0, 'Chờ xử lý', 19, 'quytt0102@gmail.com', '0000111225', 'Hà Nam', '', 'Thanh toán tại cửa hàng', 'Giao hàng tiết kiệm'),
(115, 42470000, '2022-06-22', 0, 'Đã hủy', 19, 'quytt0102@gmail.com', '0000111225', 'Hà Nam', '', 'Thanh toán tại cửa hàng', 'Giao hàng tiết kiệm'),
(116, 92000000, '2022-06-22', 0, 'Chờ xử lý', 19, 'quytt0102@gmail.com', '0000111225', 'Hà Nam', '', 'Thanh toán tại cửa hàng', 'Giao hàng tiết kiệm'),
(117, 19980000, '2022-06-22', 0, 'Chờ xử lý', 19, 'quytt0102@gmail.com', '0000111225', 'Hà Nam', '', 'Thanh toán tại cửa hàng', 'Giao hàng tiết kiệm'),
(118, 35160000, '2022-06-22', 0, 'Chờ xử lý', 19, 'quytt0102@gmail.com', '0000111225', 'Hà Nam', '', 'Thanh toán tại cửa hàng', 'Giao hàng tiết kiệm'),
(119, 18780000, '2022-06-22', 0, 'Chờ xử lý', 19, 'quytt0102@gmail.com', '0000111225', 'Hà Nam', '', 'Thanh toán tại cửa hàng', 'Giao hàng tiết kiệm'),
(120, 133870000, '2022-06-22', 0, 'Chờ xử lý', 19, 'quytt0102@gmail.com', '0000111225', 'Hà Nam', '', 'Thanh toán tại cửa hàng', 'Giao hàng tiết kiệm'),
(121, 19200000, '2022-06-22', 0, 'Chờ xử lý', 19, 'quytt0102@gmail.com', '0000111225', 'Hà Nam', '', 'Thanh toán tại cửa hàng', 'Giao hàng tiết kiệm'),
(122, 480000, '2022-06-22', 0, 'Chờ xử lý', 19, 'quytt0102@gmail.com', '0000111225', 'Hà Nam', '', 'Thanh toán tại cửa hàng', 'Giao hàng tiết kiệm'),
(123, 5150000, '2022-06-22', 0, 'Chờ xử lý', 19, 'quytt0102@gmail.com', '0000111225', 'Hà Nam', '', 'Thanh toán tại cửa hàng', 'Giao hàng tiết kiệm'),
(124, 0, '2022-06-22', 0, 'Chờ xử lý', 19, 'quytt0102@gmail.com', '0000111225', 'Hà Nam', '', 'Thanh toán tại cửa hàng', 'Giao hàng tiết kiệm'),
(125, 173290000, '2022-06-22', 0, 'Chờ xử lý', 19, 'quytt0102@gmail.com', '0000111225', 'Hà Nam', '', 'Thanh toán tại cửa hàng', 'Giao hàng tiết kiệm'),
(126, 201530000, '2022-06-22', 0, 'Giao hàng thành công', 19, 'quytt0102@gmail.com', '0000111225', 'Hà Nam', '', 'Thanh toán tại cửa hàng', 'Giao hàng tiết kiệm'),
(127, 49950000, '2022-06-22', 0, 'Chờ xử lý', 19, 'quytt0102@gmail.com', '0000111225', 'Hà Nam', '', 'Thanh toán tại cửa hàng', 'Giao hàng nhanh'),
(128, 29970000, '2022-06-22', 0, 'Chờ xử lý', 19, 'quytt0102@gmail.com', '0000111225', 'Hà Nam', '', 'Thanh toán tại cửa hàng', 'Giao hàng nhanh'),
(129, 3730000, '2023-12-15', 0, 'Đã hủy', 25, 'sis123@gmail.com', '0128888271', '123', 'fasdfsadfsdf', 'Thanh toán tại cửa hàng', 'Giao hàng tiết kiệm'),
(130, 2530000, '2023-12-15', 0, 'Chờ xử lý', 25, 'sis123@gmail.com', '0128888271', '123', 'ok', 'Thanh toán tại nhà', 'Giao hàng tiết kiệm'),
(131, 1030000, '2024-01-01', 0, 'Chờ xử lý', 25, 'sis123@gmail.com', '0128888271', '123', '', 'Thanh toán tại nhà', 'Giao hàng nhanh');

-- --------------------------------------------------------

--
-- Cấu trúc bảng cho bảng `tbl_orderdetail`
--

CREATE TABLE `tbl_orderdetail` (
  `order_id` int(11) NOT NULL,
  `pro_id` int(11) NOT NULL,
  `quantity` int(11) NOT NULL
) ENGINE=InnoDB DEFAULT CHARSET=utf8mb4 COLLATE=utf8mb4_vietnamese_ci;

--
-- Đang đổ dữ liệu cho bảng `tbl_orderdetail`
--

INSERT INTO `tbl_orderdetail` (`order_id`, `pro_id`, `quantity`) VALUES
(98, 40, 2),
(98, 44, 1),
(99, 44, 1),
(100, 44, 1),
(100, 46, 1),
(101, 55, 1),
(101, 58, 1),
(102, 40, 1),
(103, 57, 2),
(104, 68, 1),
(104, 52, 1),
(105, 44, 1),
(106, 57, 3),
(106, 40, 2),
(106, 44, 1),
(107, 57, 4),
(107, 44, 3),
(108, 44, 1),
(109, 40, 4),
(110, 48, 1),
(111, 52, 1),
(114, 57, 1),
(115, 57, 1),
(115, 40, 1),
(117, 40, 2),
(118, 44, 4),
(119, 40, 1),
(119, 44, 1),
(120, 47, 3),
(121, 44, 2),
(122, 81, 1),
(123, 69, 5),
(125, 52, 6),
(126, 48, 7),
(127, 40, 5),
(128, 40, 3),
(129, 44, 1),
(129, 57, 1),
(130, 40, 1),
(131, 69, 1);

-- --------------------------------------------------------

--
-- Cấu trúc bảng cho bảng `tbl_product`
--

CREATE TABLE `tbl_product` (
  `pro_id` int(11) NOT NULL,
  `pro_name` varchar(200) NOT NULL,
  `original_price` int(11) NOT NULL,
  `promotional_price` int(11) DEFAULT NULL,
  `quantity` int(11) NOT NULL DEFAULT 100,
  `short_desc` text NOT NULL,
  `detail_desc` text DEFAULT NULL,
  `pro_image` varchar(100) NOT NULL,
  `cat_id` int(11) NOT NULL,
  `brand_id` int(20) NOT NULL,
  `status_pro` int(11) NOT NULL
) ENGINE=InnoDB DEFAULT CHARSET=utf8mb4 COLLATE=utf8mb4_general_ci;

--
-- Đang đổ dữ liệu cho bảng `tbl_product`
--

INSERT INTO `tbl_product` (`pro_id`, `pro_name`, `original_price`, `promotional_price`, `quantity`, `short_desc`, `detail_desc`, `pro_image`, `cat_id`, `brand_id`, `status_pro`) VALUES
(40, 'Camera cảnh báo Lupa Bullet', 2999999, 2530000, 67, 'Camera cảm báo Lupa Bullet thuộc bộ giải pháp an ninh AI Camera Lupa mới nhất của Lumi. Đây là mẫu camera cảnh báo hiện đại với nhiều tính năng nổi bật giúp mang đến một “người bảo vệ” 24/24 cho ngôi nhà của bạn. Đặc biệt với việc tích hợp AI – trí tuệ nhân tạo giúp xử lý hình ảnh nhanh chóng và cảnh báo tức thời tới người dùng.', '<h2><b>1. T&iacute;nh năng camera cảnh b&aacute;o Lupa Bullet</b></h2>\r\n\r\n<h3><b><i>1.1. T&iacute;nh năng live stream trực tuyến theo thời gian thực</i></b></h3>\r\n\r\n<ul>\r\n	<li aria-level=\"1\">Người d&ugrave;ng c&oacute; thể th&ocirc;ng qua c&aacute;c nền tảng&nbsp; tr&igrave;nh duyệt web, VLC, RXCamView hoặc Lumilife nhờ v&agrave;o khả năng kết nối mạng của camera.</li>\r\n	<li aria-level=\"1\">Những h&igrave;nh ảnh được ghi lại đều theo chuẩn thời gian thực gi&uacute;p người d&ugrave;ng kiểm so&aacute;t an ninh 24/7.</li>\r\n	<li aria-level=\"1\">Lưu &yacute;: Với tr&igrave;nh duyệt web người d&ugrave;ng chỉ c&oacute; thể xem live stream tr&ecirc;n tr&igrave;nh duyệt Internet Explorer. Với ứng dụng LumiLife kh&aacute;ch h&agrave;ng cần th&ecirc;m v&agrave;o AI Camera Hub mới c&oacute; thể xem được Live Stream.</li>\r\n</ul>\r\n\r\n<h3><b><i>1.2. H&igrave;nh ảnh ghi lại r&otilde; r&agrave;ng, sắc n&eacute;t cả trong điều kiện thiếu s&aacute;ng</i></b></h3>\r\n\r\n<ul>\r\n	<li aria-level=\"1\">Camera Bullet c&oacute; thiết kế hệ thống đ&egrave;n LED chiếu s&aacute;ng v&agrave;o ban đ&ecirc;m k&egrave;m độ ph&acirc;n giải 2K gi&uacute;p ghi lại h&igrave;nh ảnh c&oacute; m&agrave;u sắc sống động, chi tiết.</li>\r\n	<li aria-level=\"1\">Sản phẩm c&oacute; khả năng tự động bật đ&egrave;n LED khi đ&atilde; x&aacute;c định được m&ocirc;i trường xung quanh kh&ocirc;ng c&oacute; &aacute;nh s&aacute;ng như thời tiết &acirc;m u hoặc v&agrave;o ban đ&ecirc;m.</li>\r\n</ul>\r\n\r\n<figure aria-describedby=\"caption-attachment-14561\" id=\"attachment_14561\"><img alt=\"Hình ảnh ghi lại rõ ràng, sắc nét cả trong điều kiện thiếu sáng\" decoding=\"async\" height=\"849\" sizes=\"(max-width: 850px) 100vw, 850px\" src=\"https://lumi.vn/wp-content/uploads/2023/04/lumi-Camera-Lupa-Bullet-2.jpg\" srcset=\"https://lumi.vn/wp-content/uploads/2023/04/lumi-Camera-Lupa-Bullet-2.jpg 850w, https://lumi.vn/wp-content/uploads/2023/04/lumi-Camera-Lupa-Bullet-2-300x300.jpg 300w, https://lumi.vn/wp-content/uploads/2023/04/lumi-Camera-Lupa-Bullet-2-100x100.jpg 100w, https://lumi.vn/wp-content/uploads/2023/04/lumi-Camera-Lupa-Bullet-2-600x599.jpg 600w, https://lumi.vn/wp-content/uploads/2023/04/lumi-Camera-Lupa-Bullet-2-150x150.jpg 150w, https://lumi.vn/wp-content/uploads/2023/04/lumi-Camera-Lupa-Bullet-2-768x767.jpg 768w, https://lumi.vn/wp-content/uploads/2023/04/lumi-Camera-Lupa-Bullet-2-50x50.jpg 50w\" width=\"850\" />\r\n<figcaption id=\"caption-attachment-14561\">H&igrave;nh ảnh ghi lại r&otilde; r&agrave;ng, sắc n&eacute;t cả trong điều kiện thiếu s&aacute;ng</figcaption>\r\n</figure>\r\n\r\n<h3><b><i>1.3. Hỗ trợ khả năng lưu trữ th&ocirc;ng qua thẻ nhớ micro SD v&agrave; lưu trữ đ&aacute;m m&acirc;y</i></b></h3>\r\n\r\n<ul>\r\n	<li aria-level=\"1\">Camera cảnh b&aacute;o Bullet hỗ trợ lưu trữ h&igrave;nh ảnh, video th&ocirc;ng qua thẻ nhớ theo chế độ to&agrave;n thời gian hoặc khi c&oacute; chuyển động.</li>\r\n	<li aria-level=\"1\">Ngo&agrave;i ra, người d&ugrave;ng c&oacute; thể sử dụng lưu trữ đ&aacute;m m&acirc;y c&aacute;c sự kiện ph&aacute;t hiện người trong v&ugrave;ng tiếp cận của camera khi t&iacute;ch hợp với AI Camera Hub.</li>\r\n</ul>\r\n\r\n<h3><b><i>1.4. Gi&aacute;m s&aacute;t an to&agrave;n tuyệt đối nhờ t&iacute;nh năng c&ograve;i h&uacute; v&agrave; đ&egrave;n chớp cảnh b&aacute;o</i></b></h3>\r\n\r\n<ul>\r\n	<li aria-level=\"1\">Nhờ t&iacute;ch hợp với bộ xử l&yacute; trung t&acirc;m AI Camera Hub t&iacute;ch hợp AI m&agrave; sản phẩm camera Lupa Bullet c&oacute; thể h&uacute; c&ograve;i v&agrave; chớp đ&egrave;n li&ecirc;n tục khi ph&aacute;t hiện kẻ x&acirc;m nhập.</li>\r\n	<li aria-level=\"1\">Đặc biệt t&iacute;nh năng n&agrave;y c&ograve;n c&oacute; thể c&agrave;i đặt l&ecirc;n lịch, điều khiển theo &yacute; muốn của người d&ugrave;ng nhờ v&agrave;o c&agrave;i điều kiện th&ecirc;m camera v&agrave;o AI Camera Hub.</li>\r\n</ul>\r\n\r\n<h3><b><i>1.5. Dễ d&agrave;ng t&iacute;ch hợp với AI Camera Hub, th&ecirc;m v&agrave;o nh&agrave; th&ocirc;ng minh</i></b></h3>\r\n\r\n<ul>\r\n	<li aria-level=\"1\">Ngo&agrave;i c&aacute;c t&iacute;nh năng được thiết kế ri&ecirc;ng, sản phẩm camera cảnh b&aacute;o Lupa Bullet c&ograve;n c&oacute; thể t&iacute;ch hợp với bộ xử l&yacute; AI Camera Hub để hỗ trợ th&ecirc;m nhiều c&aacute;c t&iacute;nh năng ưu việt kh&aacute;ch.</li>\r\n	<li aria-level=\"1\">Đặc bi&ecirc;t, AI Camera Hub c&ograve;n cung cấp th&ecirc;m một số t&iacute;nh năng ri&ecirc;ng chỉ &aacute;p dụng với Camera Lupa gi&uacute;p tăng cường trải nghiệm của người d&ugrave;ng.</li>\r\n</ul>\r\n\r\n<h2><b>2. Ưu điểm của sản phẩm camera Lupa Bullet trong g&oacute;i giải ph&aacute;p an ninh Ai Camera Lupa</b></h2>\r\n\r\n<h3><b><i>2.1. Khoanh v&ugrave;ng an ninh, cảnh b&aacute;o tức thời nhờ tr&iacute; tuệ nh&acirc;n tạo AI</i></b></h3>\r\n\r\n<ul>\r\n	<li aria-level=\"1\">Bộ giải ph&aacute;p an ninh AI Camera Lupa được t&iacute;ch hợp tr&iacute; tuệ nh&acirc;n tạo gi&uacute;p ph&aacute;t hiện chuyển động của người ch&iacute;nh x&aacute;c tới 97%.</li>\r\n	<li aria-level=\"1\">Sau khi ph&aacute;t hiện người lạ, bộ giải ph&aacute;p an ninh sẽ ngay tức th&igrave; ph&aacute;t &acirc;m thanh, chớp đ&egrave;n xua đuổi kẻ trộm v&agrave; gửi tin nhắn cảnh b&aacute;o tới điện thoại người d&ugrave;ng.</li>\r\n	<li aria-level=\"1\">Từ đ&oacute; gia chủ ho&agrave;n to&agrave;n c&oacute; thể an t&acirc;m nhờ &ldquo;người bảo vệ&rdquo; th&ocirc;ng minh biết tự đuổi trộm v&agrave; ngăn chặn h&agrave;nh vi x&acirc;m nhập tr&aacute;i ph&eacute;p d&ugrave; ở bất kỳ đ&acirc;u.</li>\r\n</ul>\r\n\r\n<h3><b><i>2.2. H&igrave;nh ảnh m&agrave;u sắc n&eacute;t, sống động v&agrave;o ban đ&ecirc;m nhờ độ ph&acirc;n giải 2K</i></b></h3>\r\n\r\n<ul>\r\n	<li aria-level=\"1\">C&aacute;c chuy&ecirc;n gia c&ocirc;ng nghệ của Lumi v&agrave; Pavana đ&atilde; nghi&ecirc;n cứu, t&iacute;ch hợp đ&egrave;n LED hồng ngoại v&agrave; LED &aacute;nh s&aacute;ng trắng cho camera Lupa.</li>\r\n	<li aria-level=\"1\">Nhờ đ&oacute; cải thiện &aacute;nh s&aacute;ng của khu vực theo d&otilde;i, tăng độ ch&iacute;nh x&aacute;c nhận diện người chuyển động, gi&uacute;p người d&ugrave;ng xem được h&igrave;nh ảnh c&oacute; m&agrave;u v&agrave;o ban đ&ecirc;m.</li>\r\n	<li aria-level=\"1\">Đặc biệt mắt thần ghi h&igrave;nh của bộ giải ph&aacute;p với ống k&iacute;nh 90.4&deg; @3.6mm rộng, c&ugrave;ng độ ph&acirc;n giải 2K gi&uacute;p cho h&igrave;nh ảnh ghi được sắc n&eacute;t, sống động v&agrave;o cả ban ng&agrave;y lẫn ban đ&ecirc;m</li>\r\n</ul>\r\n\r\n<h3><b><i>2.3. Quản l&yacute; chủ động, an to&agrave;n nhờ khả năng lưu trữ lớn tr&ecirc;n Cloud v&agrave; thẻ nhớ</i></b></h3>\r\n\r\n<ul>\r\n	<li aria-level=\"1\">Bộ giải ph&aacute;p an ninh AI Camera Lupa hỗ trợ lưu trữ theo 2 h&igrave;nh thức: Lưu trữ trong thẻ nhớ v&agrave; Lưu trữ đ&aacute;m m&acirc;y (Cloud).</li>\r\n	<li aria-level=\"1\">Với c&ocirc;ng nghệ P2P, b&ecirc;n cạnh app Lumi Life, giải ph&aacute;p an ninh Ai camera Lumi cho ph&eacute;p xem h&igrave;nh ảnh camera trực tuyến nội mạng v&agrave; ngoại mạng th&ocirc;ng qua nhiều nền tảng như tr&igrave;nh duyệt web, ứng dụng VLC.</li>\r\n	<li aria-level=\"1\">B&ecirc;n cạnh t&iacute;nh năng quản l&yacute; chủ động, bộ giải ph&aacute;p an ninh c&ograve;n gi&uacute;p gia chủ dễ d&agrave;ng c&agrave;i đặt th&ocirc;ng số luồng h&igrave;nh ảnh, cấu h&igrave;nh mạng v&agrave; cảnh b&aacute;o c&ograve;i đ&egrave;n ở khắp mọi nơi th&ocirc;ng qua ứng dụng LumiLife</li>\r\n</ul>\r\n\r\n<h3><b><i>2.4. Đa dạng lựa chọn g&oacute;i giải ph&aacute;p an ninh nhờ bộ sản phẩm Camera trong nh&agrave;, ngo&agrave;i trời</i></b></h3>\r\n\r\n<ul>\r\n	<li aria-level=\"1\">Camera AI Lupa đều phải trải qua b&agrave;i kiểm tra khắc nghiệt nhằm đảm bảo chất lượng bền bỉ v&agrave; khả năng chống chịu với m&ocirc;i trường khắc nghiệt để gi&uacute;p xua đuổi kẻ x&acirc;m nhập từ v&ograve;ng ngo&agrave;i ng&ocirc;i nh&agrave;.</li>\r\n	<li aria-level=\"1\">Camera Lupa ngo&agrave;i trời c&oacute; chỉ số chống nước ở mức độ cao IP66. Người d&ugrave;ng c&oacute; đa dạng lựa chọn g&oacute;i giải ph&aacute;p an ninh trong nh&agrave; hoặc ngo&agrave;i trời theo nhu cầu sử dụng.</li>\r\n</ul>\r\n\r\n<h3><b><i>2.5. Dễ d&agrave;ng t&iacute;ch hợp v&agrave;o nh&agrave; th&ocirc;ng minh Lumi, gia tăng trải nghiệm sống tiện nghi</i></b></h3>\r\n\r\n<ul>\r\n	<li aria-level=\"1\">L&agrave; một phần quan trọng gi&uacute;p ho&agrave;n thiện hệ thống Nh&agrave; th&ocirc;ng minh to&agrave;n diện của Lumi bộ giải ph&aacute;p Ai Camera Lupa dễ d&agrave;ng kết nối với c&aacute;c giải ph&aacute;p smarthome, smart lighting.</li>\r\n	<li aria-level=\"1\">Từ đ&oacute; gi&uacute;p người d&ugrave;ng thiết lập ngữ cảnh dựa v&agrave;o nhu cầu sinh hoạt của gia đ&igrave;nh, n&acirc;ng cấp mức độ tự động h&oacute;a cho ng&ocirc;i nh&agrave; v&agrave; gia tăng trải nghiệm sống tiện nghi.</li>\r\n</ul>\r\n\r\n<figure aria-describedby=\"caption-attachment-14579\" id=\"attachment_14579\"><img alt=\"Dễ dàng tích hợp với AI Camera Hub của nhà thông minh Lumi\" decoding=\"async\" height=\"849\" loading=\"lazy\" sizes=\"(max-width: 850px) 100vw, 850px\" src=\"https://lumi.vn/wp-content/uploads/2023/04/lumi-Camera-Turret-ket-noi-voi-AI-camera-hub-1.jpg\" srcset=\"https://lumi.vn/wp-content/uploads/2023/04/lumi-Camera-Turret-ket-noi-voi-AI-camera-hub-1.jpg 850w, https://lumi.vn/wp-content/uploads/2023/04/lumi-Camera-Turret-ket-noi-voi-AI-camera-hub-1-300x300.jpg 300w, https://lumi.vn/wp-content/uploads/2023/04/lumi-Camera-Turret-ket-noi-voi-AI-camera-hub-1-100x100.jpg 100w, https://lumi.vn/wp-content/uploads/2023/04/lumi-Camera-Turret-ket-noi-voi-AI-camera-hub-1-600x599.jpg 600w, https://lumi.vn/wp-content/uploads/2023/04/lumi-Camera-Turret-ket-noi-voi-AI-camera-hub-1-150x150.jpg 150w, https://lumi.vn/wp-content/uploads/2023/04/lumi-Camera-Turret-ket-noi-voi-AI-camera-hub-1-768x767.jpg 768w, https://lumi.vn/wp-content/uploads/2023/04/lumi-Camera-Turret-ket-noi-voi-AI-camera-hub-1-50x50.jpg 50w\" width=\"850\" />\r\n<figcaption id=\"caption-attachment-14579\">Dễ d&agrave;ng t&iacute;ch hợp với AI Camera Hub của nh&agrave; th&ocirc;ng minh Lumi</figcaption>\r\n</figure>\r\n\r\n<h2><b>3. Ứng dụng của camera cảnh b&aacute;o Bullet</b></h2>\r\n\r\n<p>Với những ưu điểm nổi bật v&agrave; t&iacute;nh năng vượt trội, camera Bullet c&oacute; thể ứng dụng cho rất nhiều khu vực kh&aacute;c nhau để bảo vệ v&agrave; gi&aacute;m s&aacute;t an ninh. Cụ thể:</p>\r\n\r\n<ul>\r\n	<li aria-level=\"1\">Biệt thự, nh&agrave; vườn</li>\r\n	<li aria-level=\"1\">C&aacute;c căn hộ chung cư</li>\r\n	<li aria-level=\"1\">C&aacute;c văn ph&ograve;ng c&ocirc;ng sở</li>\r\n	<li aria-level=\"1\">C&aacute;c t&ograve;a nh&agrave; lớn, trung t&acirc;m thương mại</li>\r\n	<li aria-level=\"1\">Bệnh viện, ph&ograve;ng nghi&ecirc;n cứu</li>\r\n	<li aria-level=\"1\">Trường học</li>\r\n	<li aria-level=\"1\">&hellip;</li>\r\n</ul>\r\n', 'upload/images/1.jpg', 1, 2, 0),
(44, 'Camera cảnh báo Lupa Turret', 2699999, 2530000, 82, 'Camera cảnh báo Lupa Turret là dòng sản phẩm mới của Lumi kết hợp cùng Pavana, được các chuyên viên kỹ thuật nghiên cứu trong thời gian dài; nhằm mang đến cho người dùng một giải pháp an ninh tốt nhất hiện nay. Sản phẩm có tính năng giám sát, khoanh vùng an ninh và cảnh báo tức thời khi phát hiện xâm nhập trái phép khi kết hợp cùng trí tuệ nhân tạo AI trong Ai Camera Hub của Lumi. Camera cảnh báo Lupa Turret được coi là mảnh ghép quan trọng trong giải pháp an ninh Ai Camera Lupa mới ra mắt lần này . ', '<h2><b>1. T&iacute;nh năng camera cảnh b&aacute;o Lupa Turret</b></h2>\r\n\r\n<h3><b><i>1.1. Camera live stream trực tuyến theo thời gian thực</i></b></h3>\r\n\r\n<ul>\r\n	<li aria-level=\"1\">L&agrave; mẫu&nbsp;<a href=\"https://lumi.vn/san-pham/camera-thong-minh\" rel=\"noopener\" target=\"_blank\"><em><strong>camera th&ocirc;ng minh</strong></em></a>&nbsp;c&oacute; thể kết nối với hệ thống mạng gi&uacute;p người d&ugrave;ng c&oacute; thể xem h&igrave;nh ảnh camera trực tuyến nội mạng v&agrave; ngoại mạng.</li>\r\n	<li aria-level=\"1\">Để xem h&igrave;nh ảnh người c&ugrave;ng c&oacute; thể th&ocirc;ng qua những nền tảng tr&igrave;nh duyệt web, VLC, RXCamView hoặc app Lumi Life.</li>\r\n	<li aria-level=\"1\">Lưu &yacute;: Với tr&igrave;nh duyệt web người d&ugrave;ng chỉ c&oacute; thể xem live stream tr&ecirc;n tr&igrave;nh duyệt Internet Explorer. Với ứng dụng LumiLife kh&aacute;ch h&agrave;ng cần th&ecirc;m v&agrave;o AI Camera Hub mới c&oacute; thể xem được Live Stream.</li>\r\n</ul>\r\n\r\n<h3><b><i>1.2. Khả năng lưu trữ dung lượng lớn tr&ecirc;n cloud hoặc th&ocirc;ng qua thẻ nhớ micro SD&nbsp;</i></b></h3>\r\n\r\n<ul>\r\n	<li aria-level=\"1\">Camera cảnh b&aacute;o Lupa Turret hỗ trợ lưu trữ h&igrave;nh ảnh, video th&ocirc;ng qua thẻ nhớ theo chế độ to&agrave;n thời gian hoặc khi c&oacute; chuyển động.</li>\r\n	<li aria-level=\"1\">Ngo&agrave;i ra khi th&ecirc;m sản phẩm v&agrave;o AI Camera Hub người d&ugrave;ng c&oacute; thể sử dụng lưu trữ đ&aacute;m m&acirc;y c&aacute;c sự kiện ph&aacute;t hiện người trong v&ugrave;ng tiếp cận của camera.</li>\r\n</ul>\r\n\r\n<h3><b><i>1.3. M&agrave;u sắc sinh động, sắc n&eacute;t ngay cả trong điều kiện ban đ&ecirc;m</i></b></h3>\r\n\r\n<ul>\r\n	<li aria-level=\"1\">Camera Turret c&oacute; thiết kế hệ thống đ&egrave;n LED chiếu s&aacute;ng v&agrave;o ban đ&ecirc;m,&nbsp;c&oacute; ống k&iacute;nh 90.4&deg; @3.6mm rộng, c&ugrave;ng độ ph&acirc;n giải 2K&nbsp;gi&uacute;p xem được h&igrave;nh ảnh c&oacute; m&agrave;u sắc n&eacute;t.</li>\r\n	<li aria-level=\"1\">Khi x&aacute;c nhận được kh&ocirc;ng gian xung quanh đ&atilde; tối, sản phẩm n&agrave;y sẽ tự động bật đ&egrave;n LED để cải thiện &aacute;nh s&aacute;ng v&agrave; tăng độ nhận diện ch&iacute;nh x&aacute;c cho khu vực cần gi&aacute;m s&aacute;t.</li>\r\n</ul>\r\n\r\n<h3><b><i>1.4. Cảnh bảo c&ograve;i v&agrave; đ&egrave;n hỗ trợ an ninh an to&agrave;n tuyệt đối</i></b></h3>\r\n\r\n<ul>\r\n	<li aria-level=\"1\">Với t&iacute;nh năng c&ograve;i h&uacute; v&agrave; đ&egrave;n chớp cảnh b&aacute;o khi c&oacute; đột nhập sẽ gi&uacute;p người d&ugrave;ng dễ d&agrave;ng nhận biết c&oacute; kẻ đột nhập đồng thời gi&uacute;p dọa kẻ đột nhập bỏ chạy.</li>\r\n	<li aria-level=\"1\">C&ograve;i v&agrave; đ&egrave;n chớp c&oacute; thể điều khiển theo &yacute; muốn hoặc bật tắt tự động theo rule khi kết hợp Ai Camera Hub.</li>\r\n</ul>\r\n\r\n<figure aria-describedby=\"caption-attachment-14554\" id=\"attachment_14554\"><img alt=\"Camera Lupa Turret cảnh bảo còi và đèn hỗ trợ an ninh an toàn tuyệt đối\" decoding=\"async\" height=\"850\" sizes=\"(max-width: 850px) 100vw, 850px\" src=\"https://lumi.vn/wp-content/uploads/2023/04/ung-dung-lumi-Camera-Turret-4.jpg\" srcset=\"https://lumi.vn/wp-content/uploads/2023/04/ung-dung-lumi-Camera-Turret-4.jpg 850w, https://lumi.vn/wp-content/uploads/2023/04/ung-dung-lumi-Camera-Turret-4-300x300.jpg 300w, https://lumi.vn/wp-content/uploads/2023/04/ung-dung-lumi-Camera-Turret-4-100x100.jpg 100w, https://lumi.vn/wp-content/uploads/2023/04/ung-dung-lumi-Camera-Turret-4-600x600.jpg 600w, https://lumi.vn/wp-content/uploads/2023/04/ung-dung-lumi-Camera-Turret-4-150x150.jpg 150w, https://lumi.vn/wp-content/uploads/2023/04/ung-dung-lumi-Camera-Turret-4-768x768.jpg 768w, https://lumi.vn/wp-content/uploads/2023/04/ung-dung-lumi-Camera-Turret-4-50x50.jpg 50w\" width=\"850\" />\r\n<figcaption id=\"caption-attachment-14554\">Camera Lupa Turret cảnh bảo c&ograve;i v&agrave; đ&egrave;n hỗ trợ an ninh an to&agrave;n tuyệt đối</figcaption>\r\n</figure>\r\n\r\n<h3><b><i>1.5. T&iacute;ch hợp với AI Camera Hub, tạo n&ecirc;n giải ph&aacute;p an ninh to&agrave;n diện Ai Camera Lupa</i></b></h3>\r\n\r\n<ul>\r\n	<li aria-level=\"1\">Ngo&agrave;i c&aacute;c t&iacute;nh năng được thiết kế ri&ecirc;ng, sản phẩm camera cảnh b&aacute;o Lupa Turret c&ograve;n c&oacute; thể t&iacute;ch hợp với bộ xử l&yacute; AI Camera Hub để hỗ trợ th&ecirc;m nhiều c&aacute;c t&iacute;nh năng ưu việt kh&aacute;c.</li>\r\n	<li aria-level=\"1\">Đặc bi&ecirc;t, AI Camera Hub c&ograve;n cung cấp th&ecirc;m một số t&iacute;nh năng ri&ecirc;ng chỉ &aacute;p dụng với Camera Lupa gi&uacute;p tăng cường trải nghiệm của người d&ugrave;ng.</li>\r\n</ul>\r\n\r\n<h2><b>2. Ưu điểm của giải ph&aacute;p an ninh Ai Camera Lupa</b></h2>\r\n\r\n<h3><b><i>2.1. Khoanh v&ugrave;ng an ninh, cảnh b&aacute;o tức thời nhờ tr&iacute; tuệ nh&acirc;n tạo AI</i></b></h3>\r\n\r\n<ul>\r\n	<li aria-level=\"1\">Bộ giải ph&aacute;p an ninh AI Camera Lupa được t&iacute;ch hợp tr&iacute; tuệ nh&acirc;n tạo gi&uacute;p ph&aacute;t hiện chuyển động của người ch&iacute;nh x&aacute;c tới 97%.</li>\r\n	<li aria-level=\"1\">Sau khi ph&aacute;t hiện người lạ, bộ giải ph&aacute;p an ninh sẽ ngay tức th&igrave; ph&aacute;t &acirc;m thanh, chớp đ&egrave;n xua đuổi kẻ trộm v&agrave; gửi tin nhắn cảnh b&aacute;o tới điện thoại người d&ugrave;ng.</li>\r\n	<li aria-level=\"1\">Từ đ&oacute; gia chủ ho&agrave;n to&agrave;n c&oacute; thể an t&acirc;m nhờ &ldquo;người bảo vệ&rdquo; th&ocirc;ng minh biết tự đuổi trộm v&agrave; ngăn chặn h&agrave;nh vi x&acirc;m nhập tr&aacute;i ph&eacute;p d&ugrave; ở bất kỳ đ&acirc;u.</li>\r\n</ul>\r\n\r\n<h3><b><i>2.2. H&igrave;nh ảnh m&agrave;u sắc n&eacute;t, sống động v&agrave;o ban đ&ecirc;m</i></b></h3>\r\n\r\n<ul>\r\n	<li aria-level=\"1\">C&aacute;c chuy&ecirc;n gia c&ocirc;ng nghệ của Lumi v&agrave; Pavana đ&atilde; nghi&ecirc;n cứu, t&iacute;ch hợp đ&egrave;n LED hồng ngoại v&agrave; LED &aacute;nh s&aacute;ng trắng cho camera cảnh b&aacute;o Lupa Turret.</li>\r\n	<li aria-level=\"1\">Nhờ đ&oacute; cải thiện &aacute;nh s&aacute;ng của khu vực theo d&otilde;i, tăng độ ch&iacute;nh x&aacute;c nhận diện người chuyển động, gi&uacute;p người d&ugrave;ng xem được h&igrave;nh ảnh c&oacute; m&agrave;u v&agrave;o ban đ&ecirc;m.</li>\r\n	<li aria-level=\"1\">Đặc biệt mắt thần ghi h&igrave;nh của bộ giải ph&aacute;p v ống k&iacute;nh 90.4&deg; @3.6mm rộng, c&ugrave;ng độ ph&acirc;n giải 2K gi&uacute;p cho h&igrave;nh ảnh ghi được sắc n&eacute;t, sống động v&agrave;o cả ban ng&agrave;y lẫn ban đ&ecirc;m</li>\r\n</ul>\r\n\r\n<h3><b><i>2.3. Quản l&yacute; chủ động, an to&agrave;n nhờ khả năng lưu trữ lớn tr&ecirc;n Cloud v&agrave; thẻ nhớ</i></b></h3>\r\n\r\n<ul>\r\n	<li aria-level=\"1\">Bộ giải ph&aacute;p an ninh AI Camera Lupa hỗ trợ lưu trữ theo 2 h&igrave;nh thức: Lưu trữ trong thẻ nhớ v&agrave; Lưu trữ đ&aacute;m m&acirc;y (Cloud).</li>\r\n	<li aria-level=\"1\">Với c&ocirc;ng nghệ P2P, b&ecirc;n cạnh app Lumi Life, giải ph&aacute;p an ninh Ai camera Lumi cho ph&eacute;p xem h&igrave;nh ảnh camera trực tuyến nội mạng v&agrave; ngoại mạng th&ocirc;ng qua nhiều nền tảng như tr&igrave;nh duyệt web, ứng dụng VLC.</li>\r\n	<li aria-level=\"1\">B&ecirc;n cạnh t&iacute;nh năng quản l&yacute; chủ động, bộ giải ph&aacute;p an ninh c&ograve;n gi&uacute;p gia chủ dễ d&agrave;ng c&agrave;i đặt th&ocirc;ng số luồng h&igrave;nh ảnh, cấu h&igrave;nh mạng v&agrave; cảnh b&aacute;o c&ograve;i đ&egrave;n ở khắp mọi nơi th&ocirc;ng qua ứng dụng LumiLife</li>\r\n</ul>\r\n\r\n<figure aria-describedby=\"caption-attachment-14552\" id=\"attachment_14552\"><img alt=\"Camera Turet giúp quản lý chủ động, an toàn nhờ khả năng lưu trữ lớn trên Cloud và thẻ nhớ\" decoding=\"async\" height=\"849\" loading=\"lazy\" sizes=\"(max-width: 850px) 100vw, 850px\" src=\"https://lumi.vn/wp-content/uploads/2023/04/ung-dung-lumi-Camera-Turret-3.jpg\" srcset=\"https://lumi.vn/wp-content/uploads/2023/04/ung-dung-lumi-Camera-Turret-3.jpg 850w, https://lumi.vn/wp-content/uploads/2023/04/ung-dung-lumi-Camera-Turret-3-300x300.jpg 300w, https://lumi.vn/wp-content/uploads/2023/04/ung-dung-lumi-Camera-Turret-3-100x100.jpg 100w, https://lumi.vn/wp-content/uploads/2023/04/ung-dung-lumi-Camera-Turret-3-600x599.jpg 600w, https://lumi.vn/wp-content/uploads/2023/04/ung-dung-lumi-Camera-Turret-3-150x150.jpg 150w, https://lumi.vn/wp-content/uploads/2023/04/ung-dung-lumi-Camera-Turret-3-768x767.jpg 768w, https://lumi.vn/wp-content/uploads/2023/04/ung-dung-lumi-Camera-Turret-3-50x50.jpg 50w\" width=\"850\" />\r\n<figcaption id=\"caption-attachment-14552\">Camera cảnh b&aacute;o Lupa Turret gi&uacute;p quản l&yacute; chủ động, an to&agrave;n nhờ khả năng lưu trữ lớn tr&ecirc;n Cloud v&agrave; thẻ nhớ</figcaption>\r\n</figure>\r\n\r\n<h3><b><i>2.4. Đa dạng lựa chọn g&oacute;i giải ph&aacute;p an ninh nhờ bộ sản phẩm Camera trong nh&agrave;, ngo&agrave;i trời</i></b></h3>\r\n\r\n<ul>\r\n	<li aria-level=\"1\">Camera Lupa đều phải trải qua b&agrave;i kiểm tra khắc nghiệt nhằm đảm bảo chất lượng bền bỉ v&agrave; khả năng chống chịu với m&ocirc;i trường khắc nghiệt để gi&uacute;p xua đuổi kẻ x&acirc;m nhập từ v&ograve;ng ngo&agrave;i ng&ocirc;i nh&agrave;.</li>\r\n	<li aria-level=\"1\">Camera Lupa ngo&agrave;i trời c&oacute; chỉ số chống nước ở mức độ cao IP66. Người d&ugrave;ng c&oacute; đa dạng lựa chọn g&oacute;i giải ph&aacute;p an ninh trong nh&agrave; hoặc ngo&agrave;i trời theo nhu cầu sử dụng.</li>\r\n</ul>\r\n\r\n<h3><b><i>2.5. T&iacute;ch hợp dễ d&agrave;ng v&agrave;o nh&agrave; th&ocirc;ng minh Lumi, gia tăng trải nghiệm sống tiện nghi</i></b></h3>\r\n\r\n<ul>\r\n	<li aria-level=\"1\">Bộ giải ph&aacute;p Ai Camera Lupa l&agrave; một phần quan trọng gi&uacute;p ho&agrave;n thiện hệ thống Nh&agrave; th&ocirc;ng minh to&agrave;n diện của Lumi.</li>\r\n	<li aria-level=\"1\">Bộ Ai Camera Lupa dễ d&agrave;ng kết nối với c&aacute;c giải ph&aacute;p smarthome, smart lighting gi&uacute;p người d&ugrave;ng thiết lập ngữ cảnh dựa v&agrave;o nhu cầu sinh hoạt của gia đ&igrave;nh.</li>\r\n	<li aria-level=\"1\">Từ đ&oacute; n&acirc;ng cấp mức độ tự động h&oacute;a cho ng&ocirc;i nh&agrave; v&agrave; gia tăng trải nghiệm sống tiện nghi.</li>\r\n</ul>\r\n\r\n<h2><b>3. Ứng dụng của camera&nbsp; Lupa Turret</b></h2>\r\n\r\n<p>Với những ưu điểm nổi bật v&agrave; t&iacute;nh năng vượt trội, camera Turret c&oacute; thể ứng dụng cho rất nhiều khu vực kh&aacute;c nhau để bảo vệ v&agrave; gi&aacute;m s&aacute;t an ninh. Cụ thể:</p>\r\n\r\n<ul>\r\n	<li aria-level=\"1\">C&aacute;c căn hộ chung cư</li>\r\n	<li aria-level=\"1\">Biệt thự, nh&agrave; vườn</li>\r\n	<li aria-level=\"1\">C&aacute;c văn ph&ograve;ng c&ocirc;ng sở</li>\r\n	<li aria-level=\"1\">C&aacute;c t&ograve;a nh&agrave; lớn</li>\r\n	<li aria-level=\"1\">Bệnh viện</li>\r\n	<li aria-level=\"1\">Trường học</li>\r\n	<li aria-level=\"1\">&hellip;</li>\r\n</ul>\r\n', 'upload/images/2.jpg', 1, 2, 0),
(46, 'Cổng tự động tay đòn STING', 23990000, 19000000, 99, 'Cổng tự động tay đòn STING là sản phẩm công nghệ cao, được thiết kế để đáp ứng nhu cầu kiểm soát ra vào tại nhà, biệt thự, toà nhà…. Với tính năng tự động hóa hoàn toàn, cổng thông minh tay đòn STING mang lại sự tiện ích và hiệu quả trong việc quản lý và bảo vệ khu vực.', '<h2><strong>1. Th&ocirc;ng số kỹ thuật</strong></h2>\r\n\r\n<table>\r\n	<tbody>\r\n		<tr>\r\n			<td><strong>Th&ocirc;ng số kỹ thuật</strong></td>\r\n			<td><strong>Bản 230V</strong></td>\r\n			<td><strong>Bản 24V</strong></td>\r\n		</tr>\r\n		<tr>\r\n			<td>T&iacute;ch hợp bộ dừng cơ học</td>\r\n			<td>Kh&ocirc;ng</td>\r\n			<td>C&oacute;</td>\r\n		</tr>\r\n		<tr>\r\n			<td>Hỗ trợ lắp pin dự ph&ograve;ng</td>\r\n			<td>Kh&ocirc;ng</td>\r\n			<td>C&oacute;</td>\r\n		</tr>\r\n		<tr>\r\n			<td>Nguồn v&agrave;o motor (V)</td>\r\n			<td>230V ~ &plusmn; 10 % (50/60 Hz)</td>\r\n			<td>24V ​</td>\r\n		</tr>\r\n		<tr>\r\n			<td>Năng lượng ti&ecirc;u thụ tối đa (W)</td>\r\n			<td>300</td>\r\n			<td>50</td>\r\n		</tr>\r\n		<tr>\r\n			<td>Momen xoắn cực đại (Nm)</td>\r\n			<td>1650</td>\r\n			<td>1000</td>\r\n		</tr>\r\n		<tr>\r\n			<td>Số lần đ&oacute;ng mở cửa tối đa trong 1 giờ</td>\r\n			<td>18</td>\r\n			<td>40</td>\r\n		</tr>\r\n		<tr>\r\n			<td>Số lần đ&oacute;ng mở cửa tối đa trong 24 giờ</td>\r\n			<td>90</td>\r\n			<td>90</td>\r\n		</tr>\r\n		<tr>\r\n			<td>Số lượng tụ điện</td>\r\n			<td>8uF</td>\r\n			<td>/</td>\r\n		</tr>\r\n		<tr>\r\n			<td>Nhiệt độ hoạt động l&yacute; tưởng (&deg;C)</td>\r\n			<td>-20 đến 50</td>\r\n			<td>-20 đến 50</td>\r\n		</tr>\r\n		<tr>\r\n			<td>Khả năng chịu nhiệt của motor (&deg;C)</td>\r\n			<td>150</td>\r\n			<td>/</td>\r\n		</tr>\r\n		<tr>\r\n			<td>Thời gian mở g&oacute;c 90&deg; (gi&acirc;y)</td>\r\n			<td>16</td>\r\n			<td>16</td>\r\n		</tr>\r\n		<tr>\r\n			<td>Trọng lượng sản phẩm khi đ&oacute;ng g&oacute;i (kg)</td>\r\n			<td>8.8</td>\r\n			<td>8.8</td>\r\n		</tr>\r\n		<tr>\r\n			<td>Độ lớn &acirc;m thanh khi hoạt động (dBA)</td>\r\n			<td>&lt; 70</td>\r\n			<td>&lt; 70</td>\r\n		</tr>\r\n		<tr>\r\n			<td>Khả năng chống chịu nước v&agrave; bụi</td>\r\n			<td>IPX4</td>\r\n			<td>IPX4</td>\r\n		</tr>\r\n	</tbody>\r\n</table>\r\n\r\n<p>&gt;&gt; Xem th&ecirc;m sản phẩm:<a href=\"https://lumi.vn/san-pham/cong-truot-tu-dong-livi.html\" rel=\"noopener\" target=\"_blank\"><em><strong>&nbsp;Cổng trượt tự động LIVI</strong></em></a></p>\r\n\r\n<h2><strong>2. Ưu điểm cổng tự động tay đ&ograve;n STING</strong></h2>\r\n\r\n<ul>\r\n	<li>Cổng tự động STING c&oacute; thể sử dụng cho cổng xoay của biệt thự hoặc khu cơ quan. Động cơ n&agrave;y c&oacute; thể tải được cổng nặng tới 400kg với chiều d&agrave;i tối đa 3m, ph&ugrave; hợp với phần lớn nhu cầu sử dụng trong th&agrave;nh phố.</li>\r\n	<li>Sản phẩm được thiết kế nguy&ecirc;n khối, liền mạch, mang lại cảm gi&aacute;c chắc chắn v&agrave; sự gọn g&agrave;ng về kh&ocirc;ng gian. Đặc biệt, sản phẩm c&oacute; thể dễ d&agrave;ng t&iacute;ch hợp v&agrave;o hệ thống&nbsp;<a href=\"https://lumi.vn/\" rel=\"noopener\" target=\"_blank\">nh&agrave; th&ocirc;ng minh</a>&nbsp;của Lumi.</li>\r\n</ul>\r\n\r\n<figure aria-describedby=\"caption-attachment-9755\" id=\"attachment_9755\"><img alt=\"Cổng tự động tay đòn thông minh STING 2-100 s\" decoding=\"async\" height=\"554\" sizes=\"(max-width: 850px) 100vw, 850px\" src=\"https://lumi.vn/wp-content/uploads/2021/05/Cong-tu-dong-tay-don-thong-minh-STING-2-100-s.jpg\" srcset=\"https://lumi.vn/wp-content/uploads/2021/05/Cong-tu-dong-tay-don-thong-minh-STING-2-100-s.jpg 1524w, https://lumi.vn/wp-content/uploads/2021/05/Cong-tu-dong-tay-don-thong-minh-STING-2-100-s-600x391.jpg 600w, https://lumi.vn/wp-content/uploads/2021/05/Cong-tu-dong-tay-don-thong-minh-STING-2-100-s-300x196.jpg 300w, https://lumi.vn/wp-content/uploads/2021/05/Cong-tu-dong-tay-don-thong-minh-STING-2-100-s-1024x668.jpg 1024w, https://lumi.vn/wp-content/uploads/2021/05/Cong-tu-dong-tay-don-thong-minh-STING-2-100-s-768x501.jpg 768w, https://lumi.vn/wp-content/uploads/2021/05/Cong-tu-dong-tay-don-thong-minh-STING-2-100-s-510x333.jpg 510w\" width=\"850\" />\r\n<figcaption id=\"caption-attachment-9755\">Cổng tự động tay đ&ograve;n th&ocirc;ng minh STING 2-100 s</figcaption>\r\n</figure>\r\n\r\n<h3><strong><em>2.1. Tự động ho&aacute; mở cổng</em></strong></h3>\r\n\r\n<ul>\r\n	<li>Với t&iacute;nh năng tự động hoạt động, cổng tự động tay đ&ograve;n STING tự động mở v&agrave; đ&oacute;ng th&ocirc;ng qua app điều khiển nh&agrave; th&ocirc;ng minh.</li>\r\n	<li>Sản phẩm gi&uacute;p tiết kiệm thời gian m&agrave; c&ograve;n đảm bảo sự thuận tiện v&agrave; an to&agrave;n cho người sử dụng.</li>\r\n</ul>\r\n\r\n<h3><em><strong>2.2. Thiết kế độc đ&aacute;o</strong></em></h3>\r\n\r\n<ul>\r\n	<li>Cổng tự động tay đ&ograve;n STING c&oacute; thiết kế độc đ&aacute;o với hệ thống c&aacute;nh cổng tay đ&ograve;n, tạo n&ecirc;n một diện mạo hiện đại v&agrave; thẩm mỹ cho c&ocirc;ng tr&igrave;nh.</li>\r\n	<li>K&iacute;ch thước nhỏ gọn với m&agrave;u sắc đen v&agrave; trắng; cho người d&ugrave;ng dễ d&agrave;ng lựa chọn ph&ugrave; hợp với kh&ocirc;ng gian c&ocirc;ng v&agrave; phong c&aacute;ch kiến tr&uacute;c.</li>\r\n</ul>\r\n\r\n<h3><strong><em>2.3. An to&agrave;n v&agrave; bảo mật</em></strong></h3>\r\n\r\n<ul>\r\n	<li>Cổng tự động tay đ&ograve;n STING được trang bị c&aacute;c t&iacute;nh năng an to&agrave;n v&agrave; bảo mật cao. Hệ thống cảm biến th&ocirc;ng minh gi&uacute;p ph&aacute;t hiện v&agrave; tr&aacute;nh va chạm, đảm bảo an to&agrave;n cho người v&agrave; phương tiện.</li>\r\n	<li>Ngo&agrave;i ra, t&iacute;nh năng kiểm so&aacute;t truy cập v&agrave; t&iacute;ch hợp với hệ thống gi&aacute;m s&aacute;t cũng đảm bảo sự an ninh v&agrave; bảo mật cho khu vực được bảo vệ.</li>\r\n</ul>\r\n\r\n<figure aria-describedby=\"caption-attachment-10112\" id=\"attachment_10112\"><img alt=\"Cổng tự động tay đòn thông minh STING ảnh thực tế\" decoding=\"async\" height=\"567\" loading=\"lazy\" sizes=\"(max-width: 850px) 100vw, 850px\" src=\"https://lumi.vn/wp-content/uploads/2021/05/Cong-tu-dong-tay-don-thong-minh-STING-anh-thuc-te.jpg\" srcset=\"https://lumi.vn/wp-content/uploads/2021/05/Cong-tu-dong-tay-don-thong-minh-STING-anh-thuc-te.jpg 1523w, https://lumi.vn/wp-content/uploads/2021/05/Cong-tu-dong-tay-don-thong-minh-STING-anh-thuc-te-600x400.jpg 600w, https://lumi.vn/wp-content/uploads/2021/05/Cong-tu-dong-tay-don-thong-minh-STING-anh-thuc-te-300x200.jpg 300w, https://lumi.vn/wp-content/uploads/2021/05/Cong-tu-dong-tay-don-thong-minh-STING-anh-thuc-te-1024x683.jpg 1024w, https://lumi.vn/wp-content/uploads/2021/05/Cong-tu-dong-tay-don-thong-minh-STING-anh-thuc-te-768x512.jpg 768w, https://lumi.vn/wp-content/uploads/2021/05/Cong-tu-dong-tay-don-thong-minh-STING-anh-thuc-te-510x340.jpg 510w\" width=\"850\" />\r\n<figcaption id=\"caption-attachment-10112\">Cổng tự động tay đ&ograve;n th&ocirc;ng minh STING ảnh thực tế</figcaption>\r\n</figure>\r\n\r\n<p>Xem th&ecirc;m sản phẩm:&nbsp;<em><strong><a href=\"https://lumi.vn/san-pham/cong-tu-dong-tay-don-look/\" rel=\"noopener\" target=\"_blank\">Cổng tự động tay đ&ograve;n LOOK</a></strong></em></p>\r\n\r\n<h2><strong>3. T&iacute;nh năng nổi bật của c&ocirc;ng th&ocirc;ng minh tay đ&ograve;n STING</strong></h2>\r\n\r\n<p>Cổng tự động tay đ&ograve;n STING được trang bị một loạt c&aacute;c t&iacute;nh năng nổi bật, gi&uacute;p n&oacute; trở th&agrave;nh một giải ph&aacute;p đ&aacute;ng tin cậy trong việc kiểm so&aacute;t ra v&agrave;o. Dưới đ&acirc;y l&agrave; những t&iacute;nh năng quan trọng của cổng tự động tay đ&ograve;n STING:</p>\r\n\r\n<figure aria-describedby=\"caption-attachment-9611\" id=\"attachment_9611\"><img alt=\"Tính năng nổi bật của công thông minh tay đòn STING\" decoding=\"async\" height=\"473\" loading=\"lazy\" src=\"https://lumi.vn/wp-content/uploads/2021/05/Anh-san-pham-STING-scaled.jpg\" width=\"851\" />\r\n<figcaption id=\"caption-attachment-9611\">T&iacute;nh năng nổi bật của c&ocirc;ng th&ocirc;ng minh tay đ&ograve;n STING</figcaption>\r\n</figure>\r\n\r\n<ul>\r\n	<li>Lắp pin dự ph&ograve;ng: Cổng tự động tay đ&ograve;n STING c&oacute; thể lắp pin dự ph&ograve;ng, gi&uacute;p duy tr&igrave; hoạt động của cổng khi mất điện. Đảm bảo rằng người d&ugrave;ng kh&ocirc;ng cần lo lắng về việc mất điện v&agrave; mất khả năng kiểm so&aacute;t ra v&agrave;o.</li>\r\n	<li>G&oacute;c mở cổng linh hoạt: Cổng th&ocirc;ng minh tay đ&ograve;n STING cho ph&eacute;p mở cổng đến g&oacute;c l&ecirc;n đến 110 độ; tạo ra sự linh hoạt trong việc kiểm so&aacute;t v&agrave; điều chỉnh lưu th&ocirc;ng, đ&aacute;p ứng nhu cầu của c&aacute;c khu vực c&oacute; d&ograve;ng xe qua lại lớn.</li>\r\n	<li>Thiết kế chắc chắn: Cổng tự động STING được thiết kế với động cơ chỉ 1 th&agrave;nh phần, tạo n&ecirc;n một hệ thống chắc chắn v&agrave; ổn định.Từ đ&oacute; mang đến hiệu suất hoạt động cao v&agrave; độ bền l&acirc;u d&agrave;i của cổng.</li>\r\n	<li>Tải trọng lớn: Cổng c&oacute; khả năng chịu tải trọng tối đa l&ecirc;n đến 400kg v&agrave; chiều d&agrave;i c&aacute;ch tối đa 3m; cho ph&eacute;p cổng hoạt động một c&aacute;ch ổn định v&agrave; linh hoạt trong việc điều khiển ra v&agrave;o cho c&aacute;c phương tiện c&oacute; k&iacute;ch thước v&agrave; trọng lượng lớn.</li>\r\n</ul>\r\n\r\n<p><em>Tải trọng tối đa của sản phẩm (biểu đồ m&agrave;u xanh)</em></p>\r\n\r\n<figure aria-describedby=\"caption-attachment-10114\" id=\"attachment_10114\"><img alt=\"Cổng-tự-động-tay-đòn-STING-tải-trọng\" decoding=\"async\" height=\"355\" loading=\"lazy\" sizes=\"(max-width: 500px) 100vw, 500px\" src=\"https://lumi.vn/wp-content/uploads/2021/05/Cong-tu-dong-tay-don-STING-tai-trong.jpg\" srcset=\"https://lumi.vn/wp-content/uploads/2021/05/Cong-tu-dong-tay-don-STING-tai-trong.jpg 885w, https://lumi.vn/wp-content/uploads/2021/05/Cong-tu-dong-tay-don-STING-tai-trong-600x426.jpg 600w, https://lumi.vn/wp-content/uploads/2021/05/Cong-tu-dong-tay-don-STING-tai-trong-300x213.jpg 300w, https://lumi.vn/wp-content/uploads/2021/05/Cong-tu-dong-tay-don-STING-tai-trong-768x545.jpg 768w, https://lumi.vn/wp-content/uploads/2021/05/Cong-tu-dong-tay-don-STING-tai-trong-510x362.jpg 510w\" width=\"500\" />\r\n<figcaption id=\"caption-attachment-10114\">Tải trọng tối đa của sản phẩm (biểu đồ m&agrave;u xanh)</figcaption>\r\n</figure>\r\n\r\n<h2><strong>4. Trong hộp sản phẩm STING c&oacute; g&igrave;?</strong></h2>\r\n\r\n<ul>\r\n	<li>02 cơ cấu vận h&agrave;nh, 230 VAC</li>\r\n	<li>01 Hộp điều khiển NET230N/C (đối với bản 230V) hoặc&nbsp;01 Hộp điều khiển NET24N/C (đối với bản 24V)</li>\r\n	<li>02 Điều khiển xa cầm tay 2 n&uacute;t</li>\r\n	<li>01 Bộ cảm biến an to&agrave;n</li>\r\n</ul>\r\n\r\n<h2><strong>5. Phụ kiện cho động cơ cổng tay đ&ograve;n STING</strong></h2>\r\n\r\n<h3><strong><em>5.1. Phụ kiện cho động cơ cổng tay đ&ograve;n STING &ndash; 24V</em></strong></h3>\r\n\r\n<figure aria-describedby=\"caption-attachment-10377\" id=\"attachment_10377\"><img alt=\"Phụ kiện cho động cơ cổng tay đòn STING - 24V\" decoding=\"async\" height=\"216\" loading=\"lazy\" src=\"https://lumi.vn/wp-content/uploads/2021/05/Tay-don-230V-phu-kien-cong-copy-100-1.jpg\" width=\"850\" />\r\n<figcaption id=\"caption-attachment-10377\">Phụ kiện cho động cơ cổng tay đ&ograve;n STING &ndash; 24V</figcaption>\r\n</figure>\r\n\r\n<h3><strong><em>5.2. Phụ kiện cho động cơ cổng tay đ&ograve;n STING &ndash; 230V</em></strong></h3>\r\n\r\n<figure aria-describedby=\"caption-attachment-10372\" id=\"attachment_10372\"><img alt=\"Phụ kiện cho động cơ cổng tay đòn STING - 230V\" decoding=\"async\" height=\"495\" loading=\"lazy\" sizes=\"(max-width: 850px) 100vw, 850px\" src=\"https://lumi.vn/wp-content/uploads/2021/05/Tay-don-230V-phu-kien-cong-100-e1686804515613.jpg\" srcset=\"https://lumi.vn/wp-content/uploads/2021/05/Tay-don-230V-phu-kien-cong-100-e1686804515613.jpg 818w, https://lumi.vn/wp-content/uploads/2021/05/Tay-don-230V-phu-kien-cong-100-e1686804515613-600x349.jpg 600w, https://lumi.vn/wp-content/uploads/2021/05/Tay-don-230V-phu-kien-cong-100-e1686804515613-300x175.jpg 300w, https://lumi.vn/wp-content/uploads/2021/05/Tay-don-230V-phu-kien-cong-100-e1686804515613-768x447.jpg 768w\" width=\"850\" />\r\n<figcaption id=\"caption-attachment-10372\">Phụ kiện cho động cơ cổng tay đ&ograve;n STING &ndash; 230V</figcaption>\r\n</figure>\r\n', 'upload/images/10.jpg', 0, 0, 0),
(47, 'Cổng trượt tự động LIVI', 33990000, 29290000, 96, '', '', 'upload/images/11.jpg', 0, 0, 0),
(48, 'Cổng tự động tay đòn LOOK', 31990000, 28790000, 92, '', '', 'upload/images/12.jpg', 0, 0, 0),
(49, 'Cổng tự động âm sàn GHOST 200', 20990000, 18890000, 99, '', '', 'upload/images/13.jpg', 0, 0, 0);
INSERT INTO `tbl_product` (`pro_id`, `pro_name`, `original_price`, `promotional_price`, `quantity`, `short_desc`, `detail_desc`, `pro_image`, `cat_id`, `brand_id`, `status_pro`) VALUES
(52, 'Cổng tự động âm sàn GHOST 100', 39000000, 35000000, 90, 'Cổng tự động âm sàn GHOST 100 là một sản phẩm công nghệ tiên tiến  với độ chính xác cao và tính năng bảo mật vượt trội. Cổng tự động này đang ngày càng trở thành một giải pháp được ưa chuộng trong các khu vực đông dân cư, như: nhà ở, biệt thự hay khuôn viên sân bay, khách sạn… ', '<h3>&nbsp;</h3>\r\n\r\n<h2><strong>1. Th&ocirc;ng số kỹ thuật cổng tự động &acirc;m s&agrave;n GHOST 100</strong></h2>\r\n\r\n<table cellpadding=\"9\">\r\n	<tbody>\r\n		<tr>\r\n			<td><strong>Th&ocirc;ng số kỹ thuật</strong></td>\r\n			<td><strong>Bản 230V</strong></td>\r\n			<td><strong>Bản 24V</strong></td>\r\n		</tr>\r\n		<tr>\r\n			<td>T&iacute;ch hợp bộ dừng cơ học</td>\r\n			<td>Kh&ocirc;ng</td>\r\n			<td>C&oacute;</td>\r\n		</tr>\r\n		<tr>\r\n			<td>Hỗ trợ lắp pin dự ph&ograve;ng</td>\r\n			<td>Kh&ocirc;ng</td>\r\n			<td>C&oacute;</td>\r\n		</tr>\r\n		<tr>\r\n			<td>Nguồn v&agrave;o motor (V)</td>\r\n			<td>230V ~ &plusmn; 10 % (50/60 Hz)</td>\r\n			<td>24V ​⎓</td>\r\n		</tr>\r\n		<tr>\r\n			<td>Năng lượng ti&ecirc;u thụ tối đa (W)</td>\r\n			<td>250</td>\r\n			<td>50</td>\r\n		</tr>\r\n		<tr>\r\n			<td>Momen xoắn cực đại (Nm)</td>\r\n			<td>250</td>\r\n			<td>200</td>\r\n		</tr>\r\n		<tr>\r\n			<td>Số lần đ&oacute;ng mở cửa tối đa trong 1 giờ</td>\r\n			<td>18 &ndash; 25</td>\r\n			<td>40</td>\r\n		</tr>\r\n		<tr>\r\n			<td>Số lần đ&oacute;ng mở cửa tối đa trong 24 giờ</td>\r\n			<td>100</td>\r\n			<td>100</td>\r\n		</tr>\r\n		<tr>\r\n			<td>Số lượng tụ điện</td>\r\n			<td>10</td>\r\n			<td>/</td>\r\n		</tr>\r\n		<tr>\r\n			<td>Nhiệt độ hoạt động l&yacute; tưởng (&deg;C)</td>\r\n			<td>-20 đến 50</td>\r\n			<td>-20 đến 50</td>\r\n		</tr>\r\n		<tr>\r\n			<td>Khả năng chịu nhiệt của motor (&deg;C)</td>\r\n			<td>150</td>\r\n			<td>/</td>\r\n		</tr>\r\n		<tr>\r\n			<td>Thời gian mở g&oacute;c 90&deg; (gi&acirc;y)</td>\r\n			<td>16</td>\r\n			<td>14</td>\r\n		</tr>\r\n		<tr>\r\n			<td>Trọng lượng sản phẩm khi đ&oacute;ng g&oacute;i (kg)</td>\r\n			<td>11</td>\r\n			<td>11</td>\r\n		</tr>\r\n		<tr>\r\n			<td>Độ lớn &acirc;m thanh khi hoạt động (dBA)</td>\r\n			<td>&lt; 70</td>\r\n			<td>&lt; 70</td>\r\n		</tr>\r\n		<tr>\r\n			<td>Khả năng chống chịu nước v&agrave; bụi</td>\r\n			<td>IP67</td>\r\n			<td>IP67</td>\r\n		</tr>\r\n	</tbody>\r\n</table>\r\n\r\n<p>&gt;&gt; Xem th&ecirc;m sản phẩm:&nbsp;<a href=\"https://lumi.vn/san-pham/cong-truot-tu-dong-gulliver-18net.html\" rel=\"noopener\" target=\"_blank\"><em><strong>Cổng trượt tự động GULLIVER/18NET Lumi</strong></em></a></p>\r\n\r\n<h2><strong>2. Đặc điểm motor cổng &acirc;m s&agrave;n GHOST 100</strong></h2>\r\n\r\n<ul>\r\n	<li>Cổng tự động GHOST 100 l&agrave; một giải ph&aacute;p v&ocirc; c&ugrave;ng tối ưu cho những người muốn t&igrave;m kiếm sự tiện lợi v&agrave; an to&agrave;n khi sử dụng cổng của gia đ&igrave;nh m&igrave;nh. Với khả năng chịu được&nbsp;<strong>trọng lượng l&ecirc;n tới 400kg</strong>&nbsp;v&agrave;&nbsp;<strong>chiều d&agrave;i tối đa l&ecirc;n đến 3.5m</strong>, GHOST 100 c&oacute; thể ho&agrave;n to&agrave;n đ&aacute;p ứng nhu cầu của bạn.</li>\r\n	<li>Thiết kế &acirc;m s&agrave;n của động cơ cổng mang đến một kh&ocirc;ng gian rộng r&atilde;i v&agrave; tho&aacute;ng đ&atilde;ng, đồng thời bảo đảm sự an to&agrave;n tuyệt đối cho c&aacute;c th&agrave;nh vi&ecirc;n trong gia đ&igrave;nh, đặc biệt l&agrave; trẻ em. Bạn sẽ kh&ocirc;ng c&ograve;n phải lo lắng về việc va chạm hay mất an to&agrave;n khi di chuyển qua lại qua cổng.</li>\r\n</ul>\r\n\r\n<figure aria-describedby=\"caption-attachment-9721\" id=\"attachment_9721\"><img alt=\"Cổng thông minh âm sàn Ghost100 1\" decoding=\"async\" height=\"602\" sizes=\"(max-width: 850px) 100vw, 850px\" src=\"https://lumi.vn/wp-content/uploads/2021/05/Cong-thong-minh-am-san-Ghost100-1-1.jpg\" srcset=\"https://lumi.vn/wp-content/uploads/2021/05/Cong-thong-minh-am-san-Ghost100-1-1.jpg 1522w, https://lumi.vn/wp-content/uploads/2021/05/Cong-thong-minh-am-san-Ghost100-1-1-600x425.jpg 600w, https://lumi.vn/wp-content/uploads/2021/05/Cong-thong-minh-am-san-Ghost100-1-1-300x212.jpg 300w, https://lumi.vn/wp-content/uploads/2021/05/Cong-thong-minh-am-san-Ghost100-1-1-1024x725.jpg 1024w, https://lumi.vn/wp-content/uploads/2021/05/Cong-thong-minh-am-san-Ghost100-1-1-768x544.jpg 768w, https://lumi.vn/wp-content/uploads/2021/05/Cong-thong-minh-am-san-Ghost100-1-1-510x361.jpg 510w\" width=\"850\" />\r\n<figcaption id=\"caption-attachment-9721\">Cổng tự động &acirc;m s&agrave;n GHOST 100</figcaption>\r\n</figure>\r\n\r\n<ul>\r\n	<li>Ngo&agrave;i ra, GHOST 100 c&ograve;n được trang bị vỏ động cơ đ&uacute;c từ nh&ocirc;m nguy&ecirc;n khối, đảm bảo t&iacute;nh chống nước cao theo ti&ecirc;u chuẩn IP67. Nhờ đ&oacute; gi&uacute;p sản phẩm tăng cường độ bền v&agrave; độ ổn định trong qu&aacute; tr&igrave;nh sử dụng, gi&uacute;p bạn y&ecirc;n t&acirc;m sử dụng trong thời gian d&agrave;i.</li>\r\n	<li>Cổng tự động &acirc;m s&agrave;n GHOST 100 v&agrave;&nbsp;<a href=\"https://lumi.vn/san-pham/cong-tu-dong-am-san-ghost200-cl.html\" rel=\"noopener\" target=\"_blank\"><em><strong>cổng tự động &acirc;m s&agrave;n GHOST 200</strong></em></a>&nbsp;hiện l&agrave; hai sản phẩm c&oacute; khả năng thiết kế &acirc;m s&agrave;n duy nhất tr&ecirc;n thị trường với c&aacute;c t&iacute;nh năng ti&ecirc;n tiến n&agrave;y. V&igrave; vậy, bạn ho&agrave;n to&agrave;n c&oacute; thể tự tin lựa chọn GHOST 100 để mang đến sự tiện &iacute;ch v&agrave; đẳng cấp cho cổng nh&agrave; bạn.</li>\r\n</ul>\r\n\r\n<figure aria-describedby=\"caption-attachment-9425\" id=\"attachment_9425\"><img alt=\"Cổng thông minh âm sàn Ghost100 2\" decoding=\"async\" height=\"601\" loading=\"lazy\" sizes=\"(max-width: 850px) 100vw, 850px\" src=\"https://lumi.vn/wp-content/uploads/2021/05/Cong-thong-minh-am-san-Ghost100-2.jpg\" srcset=\"https://lumi.vn/wp-content/uploads/2021/05/Cong-thong-minh-am-san-Ghost100-2.jpg 1525w, https://lumi.vn/wp-content/uploads/2021/05/Cong-thong-minh-am-san-Ghost100-2-600x425.jpg 600w, https://lumi.vn/wp-content/uploads/2021/05/Cong-thong-minh-am-san-Ghost100-2-300x212.jpg 300w, https://lumi.vn/wp-content/uploads/2021/05/Cong-thong-minh-am-san-Ghost100-2-1024x725.jpg 1024w, https://lumi.vn/wp-content/uploads/2021/05/Cong-thong-minh-am-san-Ghost100-2-768x543.jpg 768w, https://lumi.vn/wp-content/uploads/2021/05/Cong-thong-minh-am-san-Ghost100-2-510x361.jpg 510w\" width=\"850\" />\r\n<figcaption id=\"caption-attachment-9425\">Cổng th&ocirc;ng minh &acirc;m s&agrave;n Ghost 100</figcaption>\r\n</figure>\r\n\r\n<h2><strong>3. T&iacute;nh năng nổi bật của cổng th&ocirc;ng minh &acirc;m s&agrave;n Ghost 100</strong></h2>\r\n\r\n<p>Cổng tự động GHOST 100 l&agrave; sản phẩm được thiết kế để đ&aacute;p ứng nhu cầu của kh&aacute;ch h&agrave;ng với c&aacute;c t&iacute;nh năng t&acirc;n tiến v&agrave; hiện đại. Cụ thể:</p>\r\n\r\n<figure aria-describedby=\"caption-attachment-10097\" id=\"attachment_10097\"><img alt=\"ính năng nổi bật của cổng thông minh âm sàn Ghost 100\" decoding=\"async\" height=\"466\" loading=\"lazy\" sizes=\"(max-width: 850px) 100vw, 850px\" src=\"https://lumi.vn/wp-content/uploads/2021/05/Cong-thong-minh-am-san-Ghost100-tinh-nang-1.jpg\" srcset=\"https://lumi.vn/wp-content/uploads/2021/05/Cong-thong-minh-am-san-Ghost100-tinh-nang-1.jpg 1500w, https://lumi.vn/wp-content/uploads/2021/05/Cong-thong-minh-am-san-Ghost100-tinh-nang-1-600x329.jpg 600w, https://lumi.vn/wp-content/uploads/2021/05/Cong-thong-minh-am-san-Ghost100-tinh-nang-1-300x165.jpg 300w, https://lumi.vn/wp-content/uploads/2021/05/Cong-thong-minh-am-san-Ghost100-tinh-nang-1-1024x562.jpg 1024w, https://lumi.vn/wp-content/uploads/2021/05/Cong-thong-minh-am-san-Ghost100-tinh-nang-1-768x421.jpg 768w, https://lumi.vn/wp-content/uploads/2021/05/Cong-thong-minh-am-san-Ghost100-tinh-nang-1-510x280.jpg 510w\" width=\"850\" />\r\n<figcaption id=\"caption-attachment-10097\">T&iacute;nh năng nổi bật của cổng th&ocirc;ng minh &acirc;m s&agrave;n Ghost 100</figcaption>\r\n</figure>\r\n\r\n<ul>\r\n	<li>Với motor mạnh mẽ đi k&egrave;m d&acirc;y nguồn l&ecirc;n tới 8m gi&uacute;p việc lắp đặt v&agrave; vận h&agrave;nh cổng trở n&ecirc;n dễ d&agrave;ng hơn bao giờ hết; tiết kiệm thời gian v&agrave; c&ocirc;ng sức cho người sử dụng.</li>\r\n	<li>Thiết kế hộp chứa ti&ecirc;u chuẩn với độ bền cao gi&uacute;p cổng chịu tốt với c&aacute;c điều kiện m&ocirc;i trường khắc nghiệt, bảo vệ motor v&agrave; c&aacute;c linh kiện kh&aacute;c b&ecirc;n trong.</li>\r\n	<li>Cổng tự động GHOST 100 c&oacute; khả năng chịu tải l&ecirc;n tới 600 kg v&agrave; chiều d&agrave;i tối đa 3.5m, ph&ugrave; hợp với nhiều loại cổng kh&aacute;c nhau, từ cổng nh&agrave; d&acirc;n dụng cho đến cổng c&ocirc;ng nghiệp.</li>\r\n	<li>Cổng th&ocirc;ng minh GHOST 100 c&oacute; thể t&iacute;ch hợp v&agrave;o hệ thống nh&agrave; th&ocirc;ng minh Lumi gi&uacute;p tăng cường t&iacute;nh an to&agrave;n v&agrave; tiện lợi cho người sử dụng. T&iacute;nh năng n&agrave;y cho ph&eacute;p người sử dụng điều khiển cổng từ xa bằng điện thoại hoặc m&aacute;y t&iacute;nh bảng, gi&uacute;p tiết kiệm thời gian v&agrave; n&acirc;ng cao trải nghiệm sử dụng của kh&aacute;ch h&agrave;ng.</li>\r\n</ul>\r\n\r\n<p><em>Tải trọng tối đa của sản phẩm (biểu đồ m&agrave;u cam):</em></p>\r\n\r\n<figure aria-describedby=\"caption-attachment-10081\" id=\"attachment_10081\"><img alt=\"Tải trọng tối đa của sản phẩm (biểu đồ màu cam)\" decoding=\"async\" height=\"354\" loading=\"lazy\" sizes=\"(max-width: 500px) 100vw, 500px\" src=\"https://lumi.vn/wp-content/uploads/2021/05/Tai-trong-toi-da-cong-tu-dong-am-san-ghost-100-e1622024883780.jpg\" srcset=\"https://lumi.vn/wp-content/uploads/2021/05/Tai-trong-toi-da-cong-tu-dong-am-san-ghost-100-e1622024883780.jpg 885w, https://lumi.vn/wp-content/uploads/2021/05/Tai-trong-toi-da-cong-tu-dong-am-san-ghost-100-e1622024883780-600x424.jpg 600w, https://lumi.vn/wp-content/uploads/2021/05/Tai-trong-toi-da-cong-tu-dong-am-san-ghost-100-e1622024883780-300x212.jpg 300w, https://lumi.vn/wp-content/uploads/2021/05/Tai-trong-toi-da-cong-tu-dong-am-san-ghost-100-e1622024883780-768x543.jpg 768w, https://lumi.vn/wp-content/uploads/2021/05/Tai-trong-toi-da-cong-tu-dong-am-san-ghost-100-e1622024883780-510x361.jpg 510w\" width=\"500\" />\r\n<figcaption id=\"caption-attachment-10081\">Tải trọng tối đa của sản phẩm (biểu đồ m&agrave;u cam)</figcaption>\r\n</figure>\r\n\r\n<h2><strong>4. Trong hộp sản phẩm GHOST 100 c&oacute; g&igrave;?</strong></h2>\r\n\r\n<p>Hộp đ&oacute;ng g&oacute;i sản phẩm cổng tự động th&ocirc;ng minh GHOST 100 được đ&oacute;ng g&oacute;i full bộ bao gồm:</p>\r\n\r\n<ul>\r\n	<li>02 cơ cấu vận h&agrave;nh</li>\r\n	<li>02 đế Inox</li>\r\n	<li>01 Hộp điều khiển</li>\r\n	<li>02 Remote cầm tay</li>\r\n	<li>01 Bộ cảm biến an to&agrave;n</li>\r\n</ul>\r\n\r\n<h2><strong>5. Phụ kiện cho động cơ cổng &acirc;m s&agrave;n GHOST 100</strong></h2>\r\n\r\n<h3><strong><em>5.1. Phụ kiện cho bản 24V</em></strong></h3>\r\n\r\n<p>Phụ kiện cho cổng tự động Lumi &ndash; Dea cho c&ocirc;ng &acirc;m s&agrave;n GHOST 100&nbsp; bao gồm:</p>\r\n\r\n<figure aria-describedby=\"caption-attachment-10361\" id=\"attachment_10361\"><img alt=\"Phụ kiện cho động cơ cổng âm sàn GHOST 100 - 24V\" decoding=\"async\" height=\"268\" loading=\"lazy\" sizes=\"(max-width: 850px) 100vw, 850px\" src=\"https://lumi.vn/wp-content/uploads/2021/05/GHOST-100-24V-phu-kien-cong-100-e1686813827443.jpg\" srcset=\"https://lumi.vn/wp-content/uploads/2021/05/GHOST-100-24V-phu-kien-cong-100-e1686813827443.jpg 1510w, https://lumi.vn/wp-content/uploads/2021/05/GHOST-100-24V-phu-kien-cong-100-e1686813827443-600x189.jpg 600w, https://lumi.vn/wp-content/uploads/2021/05/GHOST-100-24V-phu-kien-cong-100-e1686813827443-300x95.jpg 300w, https://lumi.vn/wp-content/uploads/2021/05/GHOST-100-24V-phu-kien-cong-100-e1686813827443-1024x323.jpg 1024w, https://lumi.vn/wp-content/uploads/2021/05/GHOST-100-24V-phu-kien-cong-100-e1686813827443-768x242.jpg 768w\" width=\"850\" />\r\n<figcaption id=\"caption-attachment-10361\">Phụ kiện cho động cơ cổng &acirc;m s&agrave;n GHOST 100&nbsp;&ndash; 24V</figcaption>\r\n</figure>\r\n\r\n<p>Phụ kiện ho&agrave;n hảo cho cổng tự động Lumi &ndash; Dea c&ocirc;ng nghệ &acirc;m s&agrave;n GHOST 100 bao gồm:</p>\r\n\r\n<ul>\r\n	<li>Remote cầm tay: Điều khiển cổng một c&aacute;ch dễ d&agrave;ng từ xa, tạo sự thuận tiện v&agrave; linh hoạt cho trải nghiệm sử dụng.</li>\r\n	<li>Đ&egrave;n nhấp nh&aacute;y b&aacute;o đ&oacute;ng mở: Th&ocirc;ng qua đ&egrave;n nhấp nh&aacute;y, bạn dễ d&agrave;ng nhận biết trạng th&aacute;i hoạt động của cổng, tạo sự an to&agrave;n v&agrave; th&ocirc;ng tin r&otilde; r&agrave;ng.</li>\r\n	<li>Bộ mở cổng 180 độ: Với khả năng mở cổng đạt 180 độ, gi&uacute;p tối ưu h&oacute;a kh&ocirc;ng gian di chuyển v&agrave; sử dụng cổng một c&aacute;ch hiệu quả.</li>\r\n	<li>Pin sạc 24V, 1.2Ah: Pin sạc cung cấp nguồn năng lượng li&ecirc;n tục cho hệ thống cổng, đảm bảo hoạt động ổn định ngay cả khi mất nguồn ch&iacute;nh.</li>\r\n</ul>\r\n\r\n<p>Với những phụ kiện n&agrave;y, cổng tự động Lumi &ndash; Dea GHOST 100 sẽ ho&agrave;n thiện trải nghiệm sử dụng của bạn với t&iacute;nh năng đa dạng v&agrave; tiện &iacute;ch đ&aacute;ng gi&aacute;.</p>\r\n\r\n<h3><strong><em>5.2. Phụ kiện cho động cơ cổng &acirc;m s&agrave;n GHOST 100 &ndash; 230V</em></strong></h3>\r\n\r\n<p>Phụ kiện cho động cơ cổng &acirc;m s&agrave;n GHOST 100 &ndash; 230V bao gồm:</p>\r\n\r\n<ul>\r\n	<li>Remote cầm tay: Điều khiển cổng một c&aacute;ch dễ d&agrave;ng từ xa th&ocirc;ng qua remote cầm tay tiện lợi.</li>\r\n	<li>Đ&egrave;n nhấp nh&aacute;y b&aacute;o đ&oacute;ng mở: Đ&egrave;n b&aacute;o trạng th&aacute;i mở hoặc đ&oacute;ng cổng, gi&uacute;p bạn dễ d&agrave;ng theo d&otilde;i trạng th&aacute;i hoạt động của cổng.</li>\r\n	<li>Bộ mở cổng 180 độ: Cho ph&eacute;p cổng mở 180 độ, tạo sự thuận tiện v&agrave; an to&agrave;n trong việc di chuyển qua lại.</li>\r\n</ul>\r\n\r\n<figure aria-describedby=\"caption-attachment-10367\" id=\"attachment_10367\"><img alt=\"Phụ kiện cho động cơ cổng âm sàn GHOST 100 - 230V\" decoding=\"async\" height=\"356\" loading=\"lazy\" src=\"https://lumi.vn/wp-content/uploads/2021/05/GHOST-230V-phu-kien-cong-100-e1686813928600.jpg\" width=\"850\" />\r\n<figcaption id=\"caption-attachment-10367\">Phụ kiện cho động cơ cổng &acirc;m s&agrave;n GHOST 100 &ndash; 230V</figcaption>\r\n</figure>\r\n', 'upload/images/8.jpg', 0, 0, 0),
(53, 'Cảm biến cửa', 1500000, 1250000, 99, 'Cảm biến cửa thông minh Lumi là một thiết bị tích hợp công nghệ tiên tiến, mang lại sự thuận tiện và tạo ra một lớp bảo vệ an toàn về điện cho căn nhà của bạn. Không chỉ đơn thuần là một cảm biến đóng mở cửa, Lumi được trang bị công nghệ cao. Người dùng có thể dễ dàng kiểm soát và điều chỉnh trạng thái cửa từ xa thông qua ứng dụng di động hoặc một thiết bị kết nối internet khác; khi tích hợp cảm biến với hệ sinh thái nhà thông minh.', '<h2><strong>1. Đặc điểm cảm biến cửa th&ocirc;ng minh</strong></h2>\r\n\r\n<ul>\r\n	<li>Cảm biến cửa th&ocirc;ng minh Lumi được thiết kế th&agrave;nh 2 phần ri&ecirc;ng biệt, được gắn tại cửa ra v&agrave;o của ng&ocirc;i nh&agrave; hay của từng ph&ograve;ng, được lắp với tối đa c&aacute;ch nhau l&agrave; 2cm.</li>\r\n	<li>Sản phẩm l&agrave;m từ chất liệu nhựa chống ch&aacute;y PP, thiết kế tinh tế, tỉ mỉ với c&aacute;c đầu v&aacute;t tr&ograve;n. Cảm biến ph&aacute;t hiện đột nhập&nbsp;chỉ duy nhất c&oacute; m&agrave;u trắng, thể hiện sự hiện đại, sang trọng. Đ&acirc;y l&agrave; thiết bị kh&ocirc;ng thể thiếu trong hệ thống giải ph&aacute;p&nbsp;smarthome.</li>\r\n	<li>K&iacute;ch thước (DxRxC) của cảm biến l&agrave; 36x36x15mm với khối lượng 29g rất nhỏ gọn v&agrave; dễ d&agrave;ng lắp đặt.</li>\r\n	<li>Thiết bị ph&aacute;t hiện c&oacute; sự kiện đ&oacute;ng/ mở cửa.&nbsp;Nếu truyền về bộ điều khiển trung t&acirc;m: Đ&egrave;n chỉ thị nh&aacute;y xanh, nh&aacute;y nhanh 2 lần. Nếu kh&ocirc;ng truyền về bộ điều khiển trung t&acirc;m: Đ&egrave;n chỉ thị nh&aacute;y đỏ, nh&aacute;y nhanh 2 lần.</li>\r\n</ul>\r\n\r\n<figure aria-describedby=\"caption-attachment-7098\" id=\"attachment_7098\"><img alt=\"cảm biến cửa ra vào\" decoding=\"async\" height=\"606\" sizes=\"(max-width: 850px) 100vw, 850px\" src=\"https://lumi.vn/wp-content/uploads/2021/01/cam-bien-dot-nhap-4.jpg\" srcset=\"https://lumi.vn/wp-content/uploads/2021/01/cam-bien-dot-nhap-4.jpg 800w, https://lumi.vn/wp-content/uploads/2021/01/cam-bien-dot-nhap-4-600x428.jpg 600w, https://lumi.vn/wp-content/uploads/2021/01/cam-bien-dot-nhap-4-300x214.jpg 300w, https://lumi.vn/wp-content/uploads/2021/01/cam-bien-dot-nhap-4-768x547.jpg 768w, https://lumi.vn/wp-content/uploads/2021/01/cam-bien-dot-nhap-4-510x363.jpg 510w\" width=\"850\" />\r\n<figcaption id=\"caption-attachment-7098\">Cảm ứng của ph&aacute;t hiện đột nhập của Lumi sử dụng c&ocirc;ng nghệ kh&ocirc;ng d&acirc;y Zigbee</figcaption>\r\n</figure>\r\n\r\n<p>&gt;&gt; Xem th&ecirc;m sản phẩm cảm biến cao cấp:&nbsp;<a href=\"https://lumi.vn/san-pham/cam-bien-chuyen-dong-gan-tran.html\" rel=\"noopener\" target=\"_blank\"><em><strong>Cảm biến chuyển động gắn trần</strong></em></a></p>\r\n\r\n<h3><strong>2. Ứng dụng của cảm biến cửa th&ocirc;ng minh</strong></h3>\r\n\r\n<ul>\r\n	<li>Cảm biến cửa th&ocirc;ng minh Lumi l&agrave; 1 trong những thiết bị trong giải ph&aacute;p chuẩn an ninh của Lumi. N&oacute; được ứng dụng v&agrave;o giải ph&aacute;p chống trộm th&ocirc;ng minh cho nh&agrave; ở, căn hộ chung cư, xe &ocirc; t&ocirc; &hellip;</li>\r\n	<li>V&iacute; dụ: Khi lắp cảm biến ph&aacute;t hiện chuyển động như cửa ra v&agrave;o, bạn c&agrave;i đặt theo khung thời gian từ 23h &ndash; 5h s&aacute;ng, 8h &ndash; 11h v&agrave; 13h &ndash; 17h. Trong khoảng thời gian n&agrave;y, khi c&aacute;nh cửa bị mở, cảm biến ph&aacute;t hiện chuyển động ngay lập tức truyền t&iacute;n hiệu đến bộ điều khiển trung t&acirc;m HC. Tại đ&acirc;y, HC c&oacute; chức năng k&iacute;ch hoạt c&aacute;c c&ocirc;ng tắc để bật đ&egrave;n, mở r&egrave;m, c&ograve;i b&aacute;o động &hellip;</li>\r\n	<li>Việc gửi cảnh b&aacute;o đến điện thoại v&agrave; huy động c&aacute;c thiết bị tham gia qu&aacute; tr&igrave;nh &ldquo;chống trộm&rdquo; đ&atilde; g&oacute;p phần v&agrave;o việc bảo vệ ng&ocirc;i nh&agrave; bạn trước những t&aacute;c nh&acirc;n xấu.</li>\r\n</ul>\r\n\r\n<h2><strong>3. C&aacute;ch thức hoạt động của cảm biến cửa Lumi</strong></h2>\r\n\r\n<ul>\r\n	<li>Khi cửa mở, cảm biến sẽ gửi t&iacute;n hiệu tới bộ điều khiển trung t&acirc;m (HC) khi ph&aacute;t hiện cửa mở v&agrave; b&aacute;o cho bạn biết. Tại đ&acirc;y, HC thực hiện chức năng gửi cảnh b&aacute;o đến điện thoại di động của bạn, đồng thời gửi th&ocirc;ng b&aacute;o đến c&ocirc;ng tắc k&iacute;ch hoạt 1 hệ thống c&aacute;c thiết bị c&ugrave;ng tham gia &ldquo;chống trộm&rdquo; như: c&ograve;i h&uacute;, r&egrave;m mở, đ&egrave;n bật s&aacute;ng &hellip; t&ugrave;y theo ngữ cảnh m&agrave; bạn c&agrave;i đặt.</li>\r\n	<li>Lưu &yacute;: Đ&acirc;y l&agrave;&nbsp;<a href=\"https://lumi.vn/cam-bien/\" rel=\"noopener\" target=\"_blank\"><em><strong>cảm biến Lumi</strong></em></a>&nbsp;d&agrave;nh ri&ecirc;ng cho cửa, v&igrave; vậy để cảm biến cửa th&ocirc;ng minh hoạt động hiệu quả, bạn n&ecirc;n c&agrave;i đặt thời gian hoạt động cho cảm biến theo khung giờ. V&iacute; dụ: từ 23h &ndash; 5h s&aacute;ng, 8h &ndash; 11h v&agrave; 13h &ndash; 17h.</li>\r\n</ul>\r\n\r\n<figure aria-describedby=\"caption-attachment-15961\" id=\"attachment_15961\"><img alt=\"Cảm biến cửa thông minh\" decoding=\"async\" height=\"850\" loading=\"lazy\" sizes=\"(max-width: 850px) 100vw, 850px\" src=\"https://lumi.vn/wp-content/uploads/2020/10/cam-bien-cua-3.jpg\" srcset=\"https://lumi.vn/wp-content/uploads/2020/10/cam-bien-cua-3.jpg 1080w, https://lumi.vn/wp-content/uploads/2020/10/cam-bien-cua-3-300x300.jpg 300w, https://lumi.vn/wp-content/uploads/2020/10/cam-bien-cua-3-1024x1024.jpg 1024w, https://lumi.vn/wp-content/uploads/2020/10/cam-bien-cua-3-150x150.jpg 150w, https://lumi.vn/wp-content/uploads/2020/10/cam-bien-cua-3-768x768.jpg 768w, https://lumi.vn/wp-content/uploads/2020/10/cam-bien-cua-3-600x600.jpg 600w, https://lumi.vn/wp-content/uploads/2020/10/cam-bien-cua-3-100x100.jpg 100w, https://lumi.vn/wp-content/uploads/2020/10/cam-bien-cua-3-50x50.jpg 50w\" width=\"850\" />\r\n<figcaption id=\"caption-attachment-15961\">Cảm biến cửa th&ocirc;ng minh</figcaption>\r\n</figure>\r\n\r\n<p>&gt;&gt; Xem th&ecirc;m th&ecirc;m sản phẩm cảm biến d&ugrave;ng pin:&nbsp;<a href=\"https://lumi.vn/san-pham/cam-bien-phat-hien-chuyen-dong-zigbee.html\" rel=\"noopener\" target=\"_blank\"><em><strong>Cảm biến chuyển động Zigbee</strong></em></a></p>\r\n\r\n<h2><strong>4. Cảm biến cửa đảm bảo an to&agrave;n tuyệt đối cho ng&ocirc;i nh&agrave; bạn</strong></h2>\r\n\r\n<ul>\r\n	<li>Việc gửi cảnh b&aacute;o đến điện thoại v&agrave; huy động c&aacute;c thiết bị tham gia qu&aacute; tr&igrave;nh &ldquo;chống trộm&rdquo; đ&atilde; g&oacute;p phần v&agrave;o việc bảo vệ ng&ocirc;i nh&agrave; bạn trước những t&aacute;c nh&acirc;n xấu.</li>\r\n	<li>Ngo&agrave;i ra, cảm biến cửa c&ograve;n c&oacute; chức năng như cảm biến m&ocirc;i trường, c&oacute; thể đo được c&aacute;c th&ocirc;ng số như: độ ẩm, nhiệt độ, &aacute;nh s&aacute;ng m&ocirc;i trường v&agrave; b&aacute;o đến điện thoại, gi&uacute;p gia đ&igrave;nh bạn lu&ocirc;n c&oacute; m&ocirc;i trường đảm bảo sức khỏe.</li>\r\n	<li>Sử dụng c&ocirc;ng nghệ kh&ocirc;ng d&acirc;y Zigbee, ti&ecirc;u chuẩn 802.15.4 &ndash; sử dụng t&iacute;n hiệu radio c&oacute; tần s&oacute;ng ngắn, c&oacute; 2 tầng v&agrave; vận h&agrave;nh trong v&ugrave;ng bảo mật của hệ thống. N&ecirc;n trộm kh&ocirc;ng thể x&acirc;m nhập v&agrave;o hệ thống mạng kh&ocirc;ng d&acirc;y zigbee nh&agrave; bạn để mở cửa một c&aacute;ch dễ d&agrave;ng.</li>\r\n</ul>\r\n\r\n<div class=\"ddict_btn\" style=\"top: 225.4px; left: 910.4px;\"><img src=\"chrome-extension://bpggmmljdiliancllaapiggllnkbjocb/logo/48.png\" /></div>\r\n', 'upload/images/4.jpg', 2, 0, 0),
(55, 'Cảm biến phát hiện chuyển động Zigbee', 1799999, 1600000, 95, 'Cảm biến chuyển động Lumi, được sản xuất tại Việt Nam. Thân và vỏ làm từ nhựa chống cháy PP, an toàn cho người sử dụng. Sản phẩm đạt tiêu chuẩn xuất khẩu Châu Âu CE và tiêu chuẩn về hạn chế các chất nguy hiểm RoHS, hiện đã có mặt trên 8 quốc gia và vùng lãnh thổ trên thế giới. Có thể gọi đây là cảm biến hồng ngoại, hoặc cảm biến nhiệt độ, hoặc cảm biến độ ẩm, hoặc cảm biến ánh sáng đều được. Vì Lumi đã tích hợp tất cả những chiếc cảm biến kia bên trong chiếc vỏ màu trắng nhỏ nhắn, hiện đại này.', '<h2><strong>1. Cấu tạo cảm biến chuyển động Zigbee Lumi</strong></h2>\r\n\r\n<h3><em><strong>1.1. Mạch cảm biến chuyển động</strong></em></h3>\r\n\r\n<p>Mạch cảm biến chuyển động l&agrave; một thiết bị quan trọng trong cảm biến chuyển động; gi&uacute;p ph&aacute;t hiện sự thay đổi về vị tr&iacute; hoặc chuyển động của c&aacute;c đối tượng trong m&ocirc;i trường xung quanh.</p>\r\n\r\n<h3><em><strong>1.2. Th&acirc;n vỏ</strong></em></h3>\r\n\r\n<ul>\r\n	<li>Th&acirc;n vỏ thường được l&agrave;m từ chất liệu nhựa ABS chống nước, chống b&aacute;m bẩn v&agrave; chịu được điều kiện m&ocirc;i trường kh&aacute;c nhau.</li>\r\n	<li>Vỏ cảm biến được thiết kế nhỏ gọn gi&uacute;p bảo vệ c&aacute;c bộ phận b&ecirc;n trong.</li>\r\n</ul>\r\n\r\n<figure aria-describedby=\"caption-attachment-18785\" id=\"attachment_18785\"><img alt=\"Cảm biến hồng ngoại phát hiện chuyển động ZigBee\" decoding=\"async\" height=\"546\" sizes=\"(max-width: 800px) 100vw, 800px\" src=\"https://lumi.vn/wp-content/uploads/2023/10/cam-bien-hong-ngoai-phat-hien-chuyen-dong-zigbee.jpg\" srcset=\"https://lumi.vn/wp-content/uploads/2023/10/cam-bien-hong-ngoai-phat-hien-chuyen-dong-zigbee.jpg 800w, https://lumi.vn/wp-content/uploads/2023/10/cam-bien-hong-ngoai-phat-hien-chuyen-dong-zigbee-300x205.jpg 300w, https://lumi.vn/wp-content/uploads/2023/10/cam-bien-hong-ngoai-phat-hien-chuyen-dong-zigbee-768x524.jpg 768w, https://lumi.vn/wp-content/uploads/2023/10/cam-bien-hong-ngoai-phat-hien-chuyen-dong-zigbee-600x410.jpg 600w\" width=\"800\" />\r\n<figcaption id=\"caption-attachment-18785\">Cấu tạo cảm biến chuyển động Zigbee Lumi</figcaption>\r\n</figure>\r\n\r\n<h3><em><strong>1.3. Một số thiết bị kh&aacute;c</strong></em></h3>\r\n\r\n<p>Ngo&agrave;i ra c&ograve;n một số c&aacute;c th&agrave;nh phần kh&aacute;c như:</p>\r\n\r\n<ul>\r\n	<li>Mắt cảm biến</li>\r\n	<li>Ốc v&iacute;t</li>\r\n	<li>Pin</li>\r\n</ul>\r\n\r\n<h2><strong>2. T&iacute;nh năng cảm biến chuyển động Lumi</strong></h2>\r\n\r\n<h3><em><strong>2.1. Cảm biến chuyển động tự động bật tắt đ&egrave;n khi c&oacute; người</strong></em></h3>\r\n\r\n<ul>\r\n	<li>Đ&acirc;y l&agrave; t&iacute;nh năng căn bản nhất của một chiếc cảm biến ph&aacute;t hiện chuyển động. Khi gắn cảm biến chuyển động Lumi tại c&aacute;c vị tr&iacute; như h&agrave;nh lang, cửa ra v&agrave;o, cổng, bạn c&oacute; thể c&agrave;i đặt cho cảm biến truyền lệnh mở, tắt đ&egrave;n khi ph&aacute;t hiện chuyển động.</li>\r\n	<li>Với t&iacute;nh năng n&agrave;y, &ocirc;ng b&agrave;, hay c&aacute;c con trong nh&agrave; sẽ an to&agrave;n hơn khi leo cầu thang, đi tr&ecirc;n h&agrave;nh lang, hay ra v&agrave;o nh&agrave; vệ sinh v&agrave;o buổi tối</li>\r\n</ul>\r\n\r\n<figure aria-describedby=\"caption-attachment-6930\" id=\"attachment_6930\"><img alt=\"Tự động bật tắt đèn khi có người\" decoding=\"async\" height=\"425\" loading=\"lazy\" sizes=\"(max-width: 850px) 100vw, 850px\" src=\"https://lumi.vn/wp-content/uploads/2021/01/tu-dong-bat-tat-den-khi-co-nguoi.jpg\" srcset=\"https://lumi.vn/wp-content/uploads/2021/01/tu-dong-bat-tat-den-khi-co-nguoi.jpg 1280w, https://lumi.vn/wp-content/uploads/2021/01/tu-dong-bat-tat-den-khi-co-nguoi-600x300.jpg 600w, https://lumi.vn/wp-content/uploads/2021/01/tu-dong-bat-tat-den-khi-co-nguoi-300x150.jpg 300w, https://lumi.vn/wp-content/uploads/2021/01/tu-dong-bat-tat-den-khi-co-nguoi-1024x512.jpg 1024w, https://lumi.vn/wp-content/uploads/2021/01/tu-dong-bat-tat-den-khi-co-nguoi-768x384.jpg 768w, https://lumi.vn/wp-content/uploads/2021/01/tu-dong-bat-tat-den-khi-co-nguoi-510x255.jpg 510w\" width=\"850\" />\r\n<figcaption id=\"caption-attachment-6930\">Cảm biến ph&aacute;t hiện chuyển động zigbee</figcaption>\r\n</figure>\r\n\r\n<p>&gt;&gt; Xem th&ecirc;m sản phẩm cảm biến mới của Lumi:&nbsp;<a href=\"https://lumi.vn/san-pham/cam-bien-hien-dien-lumi.html\" rel=\"noopener\" target=\"_blank\"><em><strong>Cảm biến hiện diện th&ocirc;ng minh</strong></em></a></p>\r\n\r\n<h3><em><strong>2.2. Cảm biến người ra v&agrave;o t&iacute;ch hợp cảm biến đo &aacute;nh s&aacute;ng</strong></em></h3>\r\n\r\n<ul>\r\n	<li>Cảm biến đo &aacute;nh s&aacute;ng t&iacute;ch hợp b&ecirc;n trong, cho ph&eacute;p gia chủ theo d&otilde;i độ s&aacute;ng trong ph&ograve;ng mọi l&uacute;c mọi nơi, theo thời gian thực.</li>\r\n	<li>Với t&iacute;nh năng n&agrave;y, gia chủ c&oacute; thể c&agrave;i đặt lệnh tự động đ&oacute;ng r&egrave;m khi trời qu&aacute; s&aacute;ng, hoặc tự động mở r&egrave;m khi trời qu&aacute; tối v&agrave;o khoảng thời gian ban ng&agrave;y.</li>\r\n</ul>\r\n\r\n<h3><em><strong>2.3. Cảm biến hồng ngoại t&iacute;ch hợp nhiệt kế điện tử</strong></em></h3>\r\n\r\n<p>Gia chủ c&oacute; thể biết được nhiệt độ tại một điểm bất kỳ c&oacute; gắn cảm biến, mọi l&uacute;c mọi nơi, qua app Lumi Life. Đ&acirc;y l&agrave; một v&agrave;i v&iacute; dụ bạn c&oacute; thể l&agrave;m với cảm biến t&iacute;ch hợp nhiệt kế b&ecirc;n trong:</p>\r\n\r\n<ul>\r\n	<li>Đưa ra cảnh b&aacute;o khi nhiệt độ ph&ograve;ng vượt qu&aacute; 45 độ C</li>\r\n	<li>Tự động đ&oacute;ng r&egrave;m, bật điều h&ograve;a khi nhiệt độ trong ph&ograve;ng tr&ecirc;n 35 độ C</li>\r\n	<li>Tự động bật m&aacute;y sưởi khi nhiệt độ ph&ograve;ng dưới 18 độ C</li>\r\n</ul>\r\n\r\n<h3><em><strong>2.4.&nbsp; Cảm biến t&iacute;ch hợp cảm biến đo độ ẩm</strong></em></h3>\r\n\r\n<ul>\r\n	<li>Ch&uacute;ng ta thường cảm thấy kh&oacute; chịu khi độ ẩm trong kh&ocirc;ng khi qu&aacute; cao, v&agrave; cảm thấy kh&ocirc; r&aacute;t, thiếu nước khi độ ẩm qu&aacute; thấp.</li>\r\n	<li>Với cảm biến đo độ ẩm t&iacute;ch hợp b&ecirc;n trong, gia chủ c&oacute; thể đặt lệnh tự động mở quạt, mở th&ocirc;ng gi&oacute;, mở m&aacute;y điều chỉnh độ ẩm theo mong muốn của m&igrave;nh</li>\r\n</ul>\r\n\r\n<figure aria-describedby=\"caption-attachment-5528\" id=\"attachment_5528\"><img alt=\"Kích thước cảm biến phát hiện chuyển động\" decoding=\"async\" height=\"283\" loading=\"lazy\" sizes=\"(max-width: 700px) 100vw, 700px\" src=\"https://lumi.vn/wp-content/uploads/2020/10/1fiJmakJC2KZgKXmxcvfiKa1w-BKmCXxYLqJDdKZx2h2VgNI6ug9TDznSHJKNxHDXza-ym7_YT8XXC6OJL0ZPUq9lNchfNW6lpWkOK96c52OtIT9ClLYpSc56ctsHCB4HGvjhfgn-1.png\" srcset=\"https://lumi.vn/wp-content/uploads/2020/10/1fiJmakJC2KZgKXmxcvfiKa1w-BKmCXxYLqJDdKZx2h2VgNI6ug9TDznSHJKNxHDXza-ym7_YT8XXC6OJL0ZPUq9lNchfNW6lpWkOK96c52OtIT9ClLYpSc56ctsHCB4HGvjhfgn-1.png 770w, https://lumi.vn/wp-content/uploads/2020/10/1fiJmakJC2KZgKXmxcvfiKa1w-BKmCXxYLqJDdKZx2h2VgNI6ug9TDznSHJKNxHDXza-ym7_YT8XXC6OJL0ZPUq9lNchfNW6lpWkOK96c52OtIT9ClLYpSc56ctsHCB4HGvjhfgn-1-600x242.png 600w, https://lumi.vn/wp-content/uploads/2020/10/1fiJmakJC2KZgKXmxcvfiKa1w-BKmCXxYLqJDdKZx2h2VgNI6ug9TDznSHJKNxHDXza-ym7_YT8XXC6OJL0ZPUq9lNchfNW6lpWkOK96c52OtIT9ClLYpSc56ctsHCB4HGvjhfgn-1-300x121.png 300w, https://lumi.vn/wp-content/uploads/2020/10/1fiJmakJC2KZgKXmxcvfiKa1w-BKmCXxYLqJDdKZx2h2VgNI6ug9TDznSHJKNxHDXza-ym7_YT8XXC6OJL0ZPUq9lNchfNW6lpWkOK96c52OtIT9ClLYpSc56ctsHCB4HGvjhfgn-1-768x310.png 768w, https://lumi.vn/wp-content/uploads/2020/10/1fiJmakJC2KZgKXmxcvfiKa1w-BKmCXxYLqJDdKZx2h2VgNI6ug9TDznSHJKNxHDXza-ym7_YT8XXC6OJL0ZPUq9lNchfNW6lpWkOK96c52OtIT9ClLYpSc56ctsHCB4HGvjhfgn-1-510x206.png 510w\" width=\"700\" />\r\n<figcaption id=\"caption-attachment-5528\">K&iacute;ch thước cảm biến</figcaption>\r\n</figure>\r\n\r\n<h2><strong>3. Lắp đặt cảm biến người ra v&agrave;o hồng ngoại</strong></h2>\r\n\r\n<h3><em><strong>Bước 1: Cấp nguồn cho cảm biến ph&aacute;t hiện chuyển động</strong></em></h3>\r\n\r\n<h4><strong>Với&nbsp;<a href=\"https://lumi.vn/cam-bien/\" rel=\"noopener\" target=\"_blank\"><em><strong>cảm biến th&ocirc;ng minh</strong></em></a>&nbsp;sử dụng pin</strong></h4>\r\n\r\n<ul>\r\n	<li>Xoay mặt trước ngược chiều kim đồng hồ để mở sản phẩm</li>\r\n</ul>\r\n\r\n<figure aria-describedby=\"caption-attachment-5530\" id=\"attachment_5530\"><img alt=\"Cấu tạo cảm biến phát hiện chuyển động Zigbee\" decoding=\"async\" height=\"323\" loading=\"lazy\" sizes=\"(max-width: 850px) 100vw, 850px\" src=\"https://lumi.vn/wp-content/uploads/2020/10/QyPCiVCK7ddY41Q3vpP7-5EFK42xcld_eABxyANnW2lpyCBro0s6J1NMC_WP2IYpUd4nrUotMUyH6V8u2cwLhM9IbrxHzy3hemqdtS-bakEFkDyD7dUJBQDJBcLRislNwl7iUT-X-1.png\" srcset=\"https://lumi.vn/wp-content/uploads/2020/10/QyPCiVCK7ddY41Q3vpP7-5EFK42xcld_eABxyANnW2lpyCBro0s6J1NMC_WP2IYpUd4nrUotMUyH6V8u2cwLhM9IbrxHzy3hemqdtS-bakEFkDyD7dUJBQDJBcLRislNwl7iUT-X-1.png 976w, https://lumi.vn/wp-content/uploads/2020/10/QyPCiVCK7ddY41Q3vpP7-5EFK42xcld_eABxyANnW2lpyCBro0s6J1NMC_WP2IYpUd4nrUotMUyH6V8u2cwLhM9IbrxHzy3hemqdtS-bakEFkDyD7dUJBQDJBcLRislNwl7iUT-X-1-600x228.png 600w, https://lumi.vn/wp-content/uploads/2020/10/QyPCiVCK7ddY41Q3vpP7-5EFK42xcld_eABxyANnW2lpyCBro0s6J1NMC_WP2IYpUd4nrUotMUyH6V8u2cwLhM9IbrxHzy3hemqdtS-bakEFkDyD7dUJBQDJBcLRislNwl7iUT-X-1-300x114.png 300w, https://lumi.vn/wp-content/uploads/2020/10/QyPCiVCK7ddY41Q3vpP7-5EFK42xcld_eABxyANnW2lpyCBro0s6J1NMC_WP2IYpUd4nrUotMUyH6V8u2cwLhM9IbrxHzy3hemqdtS-bakEFkDyD7dUJBQDJBcLRislNwl7iUT-X-1-768x292.png 768w, https://lumi.vn/wp-content/uploads/2020/10/QyPCiVCK7ddY41Q3vpP7-5EFK42xcld_eABxyANnW2lpyCBro0s6J1NMC_WP2IYpUd4nrUotMUyH6V8u2cwLhM9IbrxHzy3hemqdtS-bakEFkDyD7dUJBQDJBcLRislNwl7iUT-X-1-510x194.png 510w\" width=\"850\" />\r\n<figcaption id=\"caption-attachment-5530\">Cấu tạo cảm biến ph&aacute;t hiện chuyển động Zigbee</figcaption>\r\n</figure>\r\n\r\n<ul>\r\n	<li>Lắp pin được cấp k&egrave;m (trong hộp) v&agrave;o khay đựng pin tr&ecirc;n thiết bị (bản d&ugrave;ng pin)</li>\r\n</ul>\r\n\r\n<h4><strong>Với cảm biến sử dụng nguồn 220V</strong></h4>\r\n\r\n<ul>\r\n	<li>Xoay mặt trước ngược chiều kim đồng hồ để mở sản phẩm</li>\r\n	<li>Lắp bộ biến đổi nguồn được cấp k&egrave;m sản phẩm</li>\r\n	<li>Sau khi cấp nguồn th&agrave;nh c&ocirc;ng, thiết bị nh&aacute;y hồng 3 lần trong thời gian 3s<br />\r\n	<img alt=\"pEAjKdhdz-0Tq5YJSTd27VOXq91Hk8zq7tulM8M59SObkHxqb06OYTUTTAD2ZCMaPBY2qjStzvz5u0H56xOop-RL2udWSjWDuFe9wprvS2q18_Rxx-HuGJ9hDlymoxiFGxkn_8fX-1\" decoding=\"async\" height=\"325\" loading=\"lazy\" sizes=\"(max-width: 850px) 100vw, 850px\" src=\"https://lumi.vn/wp-content/uploads/2020/10/pEAjKdhdz-0Tq5YJSTd27VOXq91Hk8zq7tulM8M59SObkHxqb06OYTUTTAD2ZCMaPBY2qjStzvz5u0H56xOop-RL2udWSjWDuFe9wprvS2q18_Rxx-HuGJ9hDlymoxiFGxkn_8fX-1.png\" srcset=\"https://lumi.vn/wp-content/uploads/2020/10/pEAjKdhdz-0Tq5YJSTd27VOXq91Hk8zq7tulM8M59SObkHxqb06OYTUTTAD2ZCMaPBY2qjStzvz5u0H56xOop-RL2udWSjWDuFe9wprvS2q18_Rxx-HuGJ9hDlymoxiFGxkn_8fX-1.png 972w, https://lumi.vn/wp-content/uploads/2020/10/pEAjKdhdz-0Tq5YJSTd27VOXq91Hk8zq7tulM8M59SObkHxqb06OYTUTTAD2ZCMaPBY2qjStzvz5u0H56xOop-RL2udWSjWDuFe9wprvS2q18_Rxx-HuGJ9hDlymoxiFGxkn_8fX-1-600x230.png 600w, https://lumi.vn/wp-content/uploads/2020/10/pEAjKdhdz-0Tq5YJSTd27VOXq91Hk8zq7tulM8M59SObkHxqb06OYTUTTAD2ZCMaPBY2qjStzvz5u0H56xOop-RL2udWSjWDuFe9wprvS2q18_Rxx-HuGJ9hDlymoxiFGxkn_8fX-1-300x115.png 300w, https://lumi.vn/wp-content/uploads/2020/10/pEAjKdhdz-0Tq5YJSTd27VOXq91Hk8zq7tulM8M59SObkHxqb06OYTUTTAD2ZCMaPBY2qjStzvz5u0H56xOop-RL2udWSjWDuFe9wprvS2q18_Rxx-HuGJ9hDlymoxiFGxkn_8fX-1-768x294.png 768w, https://lumi.vn/wp-content/uploads/2020/10/pEAjKdhdz-0Tq5YJSTd27VOXq91Hk8zq7tulM8M59SObkHxqb06OYTUTTAD2ZCMaPBY2qjStzvz5u0H56xOop-RL2udWSjWDuFe9wprvS2q18_Rxx-HuGJ9hDlymoxiFGxkn_8fX-1-510x195.png 510w\" width=\"850\" /></li>\r\n</ul>\r\n\r\n<p><strong>Lưu &yacute;:&nbsp;</strong></p>\r\n\r\n<p>Khi lắp cảm biến tr&ecirc;n trần thạch cao với nguồn, người d&ugrave;ng cần kho&eacute;t lỗ lắp đặt nguồn l&agrave;m sao cho hợp l&yacute;</p>\r\n\r\n<h3><strong><em>Bước 2: Lắp đặt cảm biến chuyển động v&agrave;o vị tr&iacute;</em></strong></h3>\r\n\r\n<p><strong>Lưu &yacute;:</strong></p>\r\n\r\n<p>Trước khi tiến h&agrave;nh lắp đặt, người d&ugrave;ng cần phải cho thiết bị ho&agrave;n th&agrave;nh việc gia nhập mạng trước</p>\r\n\r\n<h4>Cố định mặt sau l&ecirc;n vị tr&iacute; lắp đặt:</h4>\r\n\r\n<figure aria-describedby=\"caption-attachment-5536\" id=\"attachment_5536\"><img alt=\"Lắp đặt hoàn thiện sản phẩm lên đúng vị trí\" decoding=\"async\" height=\"330\" loading=\"lazy\" sizes=\"(max-width: 850px) 100vw, 850px\" src=\"https://lumi.vn/wp-content/uploads/2020/10/LmgJdds-_6-6_YIvq8nCAPjFRdb2wP-vzArZF-NBNl7d12SrtqeJBDsLy8gVM7Ch05NO_GxstSxU7fp5Sxre_Pli9vNVJDfQNNsi7xfkATe8DsNRNI0IdHUP0MppElzZRkiwYmlO-1.png\" srcset=\"https://lumi.vn/wp-content/uploads/2020/10/LmgJdds-_6-6_YIvq8nCAPjFRdb2wP-vzArZF-NBNl7d12SrtqeJBDsLy8gVM7Ch05NO_GxstSxU7fp5Sxre_Pli9vNVJDfQNNsi7xfkATe8DsNRNI0IdHUP0MppElzZRkiwYmlO-1.png 968w, https://lumi.vn/wp-content/uploads/2020/10/LmgJdds-_6-6_YIvq8nCAPjFRdb2wP-vzArZF-NBNl7d12SrtqeJBDsLy8gVM7Ch05NO_GxstSxU7fp5Sxre_Pli9vNVJDfQNNsi7xfkATe8DsNRNI0IdHUP0MppElzZRkiwYmlO-1-600x233.png 600w, https://lumi.vn/wp-content/uploads/2020/10/LmgJdds-_6-6_YIvq8nCAPjFRdb2wP-vzArZF-NBNl7d12SrtqeJBDsLy8gVM7Ch05NO_GxstSxU7fp5Sxre_Pli9vNVJDfQNNsi7xfkATe8DsNRNI0IdHUP0MppElzZRkiwYmlO-1-300x117.png 300w, https://lumi.vn/wp-content/uploads/2020/10/LmgJdds-_6-6_YIvq8nCAPjFRdb2wP-vzArZF-NBNl7d12SrtqeJBDsLy8gVM7Ch05NO_GxstSxU7fp5Sxre_Pli9vNVJDfQNNsi7xfkATe8DsNRNI0IdHUP0MppElzZRkiwYmlO-1-768x298.png 768w, https://lumi.vn/wp-content/uploads/2020/10/LmgJdds-_6-6_YIvq8nCAPjFRdb2wP-vzArZF-NBNl7d12SrtqeJBDsLy8gVM7Ch05NO_GxstSxU7fp5Sxre_Pli9vNVJDfQNNsi7xfkATe8DsNRNI0IdHUP0MppElzZRkiwYmlO-1-510x198.png 510w\" width=\"850\" />\r\n<figcaption id=\"caption-attachment-5536\">Lắp đặt ho&agrave;n thiện sản phẩm l&ecirc;n đ&uacute;ng vị tr&iacute;</figcaption>\r\n</figure>\r\n\r\n<ul>\r\n	<li>Thiết bị được thiết kế với 2 t&ugrave;y chọn lắp đặt: Cố định bằng băng d&iacute;nh 2 mặt v&agrave; cố định bằng v&iacute;t</li>\r\n	<li>Đặt mặt trước l&agrave;m sao cho c&aacute;c ng&agrave;m của mặt sau tr&ugrave;ng với c&aacute;c r&atilde;nh ng&agrave;m của mặt trước, sau đ&oacute; xoay mặt trước theo chiều c&ugrave;ng kim đồng hồ để c&aacute;c ng&agrave;m ăn khớp v&agrave;o r&atilde;nh.<br />\r\n	<img alt=\"Kq8Hna3tatm1_bOQ_QbL5ALl32Pk-y6HY7NdXgLQR5YXNaz0_MW7dzMQW0ehhWLrZR_i_N5xKWgx54-xcLwufs7K3RqU_tpe1R2zwbPG4c8YNuVMtqMzl6EmzEJTD0OS8OrurXUo-1\" decoding=\"async\" height=\"371\" loading=\"lazy\" sizes=\"(max-width: 850px) 100vw, 850px\" src=\"https://lumi.vn/wp-content/uploads/2020/10/Kq8Hna3tatm1_bOQ_QbL5ALl32Pk-y6HY7NdXgLQR5YXNaz0_MW7dzMQW0ehhWLrZR_i_N5xKWgx54-xcLwufs7K3RqU_tpe1R2zwbPG4c8YNuVMtqMzl6EmzEJTD0OS8OrurXUo-1.png\" srcset=\"https://lumi.vn/wp-content/uploads/2020/10/Kq8Hna3tatm1_bOQ_QbL5ALl32Pk-y6HY7NdXgLQR5YXNaz0_MW7dzMQW0ehhWLrZR_i_N5xKWgx54-xcLwufs7K3RqU_tpe1R2zwbPG4c8YNuVMtqMzl6EmzEJTD0OS8OrurXUo-1.png 892w, https://lumi.vn/wp-content/uploads/2020/10/Kq8Hna3tatm1_bOQ_QbL5ALl32Pk-y6HY7NdXgLQR5YXNaz0_MW7dzMQW0ehhWLrZR_i_N5xKWgx54-xcLwufs7K3RqU_tpe1R2zwbPG4c8YNuVMtqMzl6EmzEJTD0OS8OrurXUo-1-600x262.png 600w, https://lumi.vn/wp-content/uploads/2020/10/Kq8Hna3tatm1_bOQ_QbL5ALl32Pk-y6HY7NdXgLQR5YXNaz0_MW7dzMQW0ehhWLrZR_i_N5xKWgx54-xcLwufs7K3RqU_tpe1R2zwbPG4c8YNuVMtqMzl6EmzEJTD0OS8OrurXUo-1-300x131.png 300w, https://lumi.vn/wp-content/uploads/2020/10/Kq8Hna3tatm1_bOQ_QbL5ALl32Pk-y6HY7NdXgLQR5YXNaz0_MW7dzMQW0ehhWLrZR_i_N5xKWgx54-xcLwufs7K3RqU_tpe1R2zwbPG4c8YNuVMtqMzl6EmzEJTD0OS8OrurXUo-1-768x335.png 768w, https://lumi.vn/wp-content/uploads/2020/10/Kq8Hna3tatm1_bOQ_QbL5ALl32Pk-y6HY7NdXgLQR5YXNaz0_MW7dzMQW0ehhWLrZR_i_N5xKWgx54-xcLwufs7K3RqU_tpe1R2zwbPG4c8YNuVMtqMzl6EmzEJTD0OS8OrurXUo-1-510x222.png 510w\" width=\"850\" /></li>\r\n</ul>\r\n\r\n<p><strong>Lưu &yacute;:&nbsp;</strong></p>\r\n\r\n<ul>\r\n	<li>Ng&agrave;m nhỏ ở mặt sau tương ứng với r&atilde;nh nhỏ ở mặt trước. Thiết bị được thiết kế chỉ 1 vị tr&iacute; c&oacute; thể xoay ăn khớp giữa mặt trước v&agrave; mặt sau</li>\r\n	<li>Đ&acirc;y l&agrave; thiết bị lắp trong nh&agrave;, kh&ocirc;ng sử dụng ngo&agrave;i trời</li>\r\n</ul>\r\n\r\n<figure aria-describedby=\"caption-attachment-6934\" id=\"attachment_6934\"><img alt=\"Lưu ý khi sử dụng cảm biến phát hiện chuyển động Lumi\" decoding=\"async\" height=\"768\" loading=\"lazy\" sizes=\"(max-width: 850px) 100vw, 850px\" src=\"https://lumi.vn/wp-content/uploads/2021/01/Oc8Evz5jYNl1L8MXLm1eameofIsD3myvzGrFTk3__Q28iFNI5zS4ADMcE-1HW9bHQ48ATNYQ4YQHz8-2Vs2qtRmepbr6CraqerYwBv-8BGslcCE4QLZaSg8w3MppvzToGJQXAVln.png\" srcset=\"https://lumi.vn/wp-content/uploads/2021/01/Oc8Evz5jYNl1L8MXLm1eameofIsD3myvzGrFTk3__Q28iFNI5zS4ADMcE-1HW9bHQ48ATNYQ4YQHz8-2Vs2qtRmepbr6CraqerYwBv-8BGslcCE4QLZaSg8w3MppvzToGJQXAVln.png 915w, https://lumi.vn/wp-content/uploads/2021/01/Oc8Evz5jYNl1L8MXLm1eameofIsD3myvzGrFTk3__Q28iFNI5zS4ADMcE-1HW9bHQ48ATNYQ4YQHz8-2Vs2qtRmepbr6CraqerYwBv-8BGslcCE4QLZaSg8w3MppvzToGJQXAVln-600x542.png 600w, https://lumi.vn/wp-content/uploads/2021/01/Oc8Evz5jYNl1L8MXLm1eameofIsD3myvzGrFTk3__Q28iFNI5zS4ADMcE-1HW9bHQ48ATNYQ4YQHz8-2Vs2qtRmepbr6CraqerYwBv-8BGslcCE4QLZaSg8w3MppvzToGJQXAVln-300x271.png 300w, https://lumi.vn/wp-content/uploads/2021/01/Oc8Evz5jYNl1L8MXLm1eameofIsD3myvzGrFTk3__Q28iFNI5zS4ADMcE-1HW9bHQ48ATNYQ4YQHz8-2Vs2qtRmepbr6CraqerYwBv-8BGslcCE4QLZaSg8w3MppvzToGJQXAVln-768x694.png 768w, https://lumi.vn/wp-content/uploads/2021/01/Oc8Evz5jYNl1L8MXLm1eameofIsD3myvzGrFTk3__Q28iFNI5zS4ADMcE-1HW9bHQ48ATNYQ4YQHz8-2Vs2qtRmepbr6CraqerYwBv-8BGslcCE4QLZaSg8w3MppvzToGJQXAVln-510x461.png 510w\" width=\"850\" />\r\n<figcaption id=\"caption-attachment-6934\">Lưu &yacute; khi sử dụng cảm biến ph&aacute;t hiện chuyển động Lumi</figcaption>\r\n</figure>\r\n\r\n<h2><strong>4. Ứng dụng cảm biến ph&aacute;t hiện chuyển động Zigbee</strong></h2>\r\n\r\n<p>Cảm biến ph&aacute;t hiện chuyển động c&oacute; nhiều ứng dụng kh&aacute;c nhau trong cuộc sống v&agrave; c&ocirc;ng nghệ, bao gồm:</p>\r\n\r\n<ul>\r\n	<li>L&agrave;m cảm biến đ&egrave;n nh&agrave; tắm</li>\r\n	<li>L&agrave;m cảm biến đ&egrave;n cầu thang</li>\r\n	<li>L&agrave;m cảm biến tự bật đ&egrave;n</li>\r\n	<li>&hellip;</li>\r\n</ul>\r\n', 'upload/images/5.jpg', 2, 0, 0),
(56, 'Cảm biến phát hiện chuyển động Zigbee/BLE Mesh', 1799999, 1530000, 99, 'Cảm biến chuyển động Lumi, sản xuất tại Việt Nam, sử dụng vật liệu nhựa chống cháy PP cho thân và vỏ, đảm bảo an toàn cho người dùng. Sản phẩm tuân thủ tiêu chuẩn xuất khẩu CE Châu Âu và hạn chế chất nguy hiểm RoHS. Đây là mẫu cảm biến thông minh với nhiều tính năng vượt trội và có khả năng tích hợp vào smarthome. Đây là cảm biến đa năng, tích hợp chức năng cảm biến chuyển động, nhiệt độ, độ ẩm và ánh sáng trong thiết kế trắng trẻo, hiện đại.', '<h3>&nbsp;</h3>\r\n\r\n<h2><strong>1. Đặc điểm cảm biến tự động bật tắt đ&egrave;n khi c&oacute; người</strong></h2>\r\n\r\n<ul>\r\n	<li>Tự động bật tắt đ&egrave;n khi c&oacute; người l&agrave; t&iacute;nh năng căn bản nhất của một chiếc cảm biến chuyển động.</li>\r\n	<li>Khi gắn cảm biến hồng ngoại Lumi tại c&aacute;c vị tr&iacute; như h&agrave;nh lang, cửa ra v&agrave;o, cổng, bạn c&oacute; thể c&agrave;i đặt cho cảm biến truyền lệnh mở, tắt đ&egrave;n khi ph&aacute;t hiện chuyển động.</li>\r\n	<li>Với t&iacute;nh năng n&agrave;y, &ocirc;ng b&agrave;, hay c&aacute;c con trong nh&agrave; sẽ an to&agrave;n hơn khi leo cầu thang, đi tr&ecirc;n h&agrave;nh lang, hay ra v&agrave;o nh&agrave; vệ sinh v&agrave;o buổi tối</li>\r\n</ul>\r\n\r\n<figure aria-describedby=\"caption-attachment-6930\" id=\"attachment_6930\"><img alt=\"Tự động bật tắt đèn khi có người\" decoding=\"async\" height=\"425\" sizes=\"(max-width: 850px) 100vw, 850px\" src=\"https://lumi.vn/wp-content/uploads/2021/01/tu-dong-bat-tat-den-khi-co-nguoi.jpg\" srcset=\"https://lumi.vn/wp-content/uploads/2021/01/tu-dong-bat-tat-den-khi-co-nguoi.jpg 1280w, https://lumi.vn/wp-content/uploads/2021/01/tu-dong-bat-tat-den-khi-co-nguoi-600x300.jpg 600w, https://lumi.vn/wp-content/uploads/2021/01/tu-dong-bat-tat-den-khi-co-nguoi-300x150.jpg 300w, https://lumi.vn/wp-content/uploads/2021/01/tu-dong-bat-tat-den-khi-co-nguoi-1024x512.jpg 1024w, https://lumi.vn/wp-content/uploads/2021/01/tu-dong-bat-tat-den-khi-co-nguoi-768x384.jpg 768w, https://lumi.vn/wp-content/uploads/2021/01/tu-dong-bat-tat-den-khi-co-nguoi-510x255.jpg 510w\" width=\"850\" />\r\n<figcaption id=\"caption-attachment-6930\">Tự động bật tắt đ&egrave;n khi c&oacute; người</figcaption>\r\n</figure>\r\n\r\n<p>&gt;&gt; Tham khảo th&ecirc;m sản phẩm hot nhất hiện nay:&nbsp;<a href=\"https://lumi.vn/san-pham/cam-bien-hien-dien-lumi.html\" rel=\"noopener\" target=\"_blank\"><em><strong>Cảm biến hiện diện Lumi</strong></em></a></p>\r\n\r\n<h2><strong>2. T&iacute;nh năng của cảm biến ph&aacute;t hiện chuyển động</strong></h2>\r\n\r\n<h3><strong>2.1. Cảm biến hồng ngoại PIR t&iacute;ch hợp cảm biến đo &aacute;nh s&aacute;ng</strong></h3>\r\n\r\n<ul>\r\n	<li>Cảm biến đo &aacute;nh s&aacute;ng t&iacute;ch hợp b&ecirc;n trong, cho ph&eacute;p gia chủ theo d&otilde;i độ s&aacute;ng trong ph&ograve;ng mọi l&uacute;c mọi nơi, theo thời gian thực.</li>\r\n	<li>Với t&iacute;nh năng n&agrave;y, gia chủ c&oacute; thể c&agrave;i đặt lệnh tự động đ&oacute;ng r&egrave;m khi trời qu&aacute; s&aacute;ng, hoặc tự động mở r&egrave;m khi trời qu&aacute; tối v&agrave;o khoảng thời gian ban ng&agrave;y.</li>\r\n</ul>\r\n\r\n<h3><strong>2.2. Cảm biến dịch chuyển t&iacute;ch hợp nhiệt kế điện tử</strong></h3>\r\n\r\n<p>Gia chủ c&oacute; thể biết được nhiệt độ tại một điểm bất kỳ c&oacute; gắn cảm biến, mọi l&uacute;c mọi nơi, qua app Lumi Life. Đ&acirc;y l&agrave; một v&agrave;i v&iacute; dụ bạn c&oacute; thể l&agrave;m với cảm biến t&iacute;ch hợp nhiệt kế b&ecirc;n trong:</p>\r\n\r\n<ul>\r\n	<li>Đưa ra cảnh b&aacute;o khi nhiệt độ ph&ograve;ng vượt qu&aacute; 45 độ C</li>\r\n	<li>Tự động đ&oacute;ng r&egrave;m, bật điều h&ograve;a khi nhiệt độ trong ph&ograve;ng tr&ecirc;n 35 độ C</li>\r\n	<li>Tự động bật m&aacute;y sưởi khi nhiệt độ ph&ograve;ng dưới 18 độ C</li>\r\n</ul>\r\n\r\n<h3><strong>2.3. Cảm biến chuyển động t&iacute;ch hợp cảm biến đo độ ẩm</strong></h3>\r\n\r\n<ul>\r\n	<li>Ch&uacute;ng ta thường cảm thấy kh&oacute; chịu khi độ ẩm trong kh&ocirc;ng khi qu&aacute; cao, v&agrave; cảm thấy kh&ocirc; r&aacute;t, thiếu nước khi độ ẩm qu&aacute; thấp.</li>\r\n	<li>Với cảm biến đo độ ẩm t&iacute;ch hợp b&ecirc;n trong, gia chủ c&oacute; thể đặt lệnh tự động mở quạt, mở th&ocirc;ng gi&oacute;, mở m&aacute;y điều chỉnh độ ẩm theo mong muốn của m&igrave;nh.</li>\r\n</ul>\r\n\r\n<h2><strong>3. Ứng dụng của cảm biến chuyển động Lumi</strong></h2>\r\n\r\n<p>Cảm biến ph&aacute;t hiện chuyển động BLE/Zigbee c&oacute; c&aacute;c ứng dụng như:</p>\r\n\r\n<ul>\r\n	<li>L&agrave;m c&ocirc;ng tắc cảm biến cầu thang</li>\r\n	<li>L&agrave;m c&ocirc;ng tắc cảm biến bật tắt đ&egrave;n</li>\r\n	<li>Đảm bảo an ninh gia đ&igrave;nh</li>\r\n	<li>Điều khiển &aacute;nh s&aacute;ng tự động</li>\r\n	<li>Theo d&otilde;i hoạt động trong văn ph&ograve;ng</li>\r\n	<li>Quản l&yacute; kh&ocirc;ng gian thương mại</li>\r\n	<li>Gi&aacute;m s&aacute;t khu vực ngoại trời</li>\r\n	<li>Tự động h&oacute;a kh&ocirc;ng gian sống</li>\r\n	<li>Kiểm so&aacute;t an ninh trong ng&agrave;nh c&ocirc;ng nghiệp</li>\r\n</ul>\r\n\r\n<div class=\"ddict_btn\" style=\"top: 207.2px; left: 910.4px;\"><img src=\"chrome-extension://bpggmmljdiliancllaapiggllnkbjocb/logo/48.png\" /></div>\r\n', 'upload/images/3.jpg', 2, 0, 0);
INSERT INTO `tbl_product` (`pro_id`, `pro_name`, `original_price`, `promotional_price`, `quantity`, `short_desc`, `detail_desc`, `pro_image`, `cat_id`, `brand_id`, `status_pro`) VALUES
(57, 'Đèn LED dây thông minh RGB 16 triệu màu', 1500000, 1200000, 78, 'Đèn LED dây thông minh RGB 16 triệu màu tiêu thụ ít năng lượng hơn so với các loại đèn truyền thống; giúp giảm hóa đơn tiền điện và bảo vệ môi trường. Với khả năng thay đổi 16 triệu màu sắc, đèn LED dây thông minh cho phép bạn tùy chỉnh ánh sáng theo sở thích và tạo ra không gian sống độc đáo và riêng biệt. Đặc biệt khi tích hợp vào hệ thống nhà thông minh, đèn có thể dễ dàng điều chỉnh màu sắc và bật tắt theo ý muốn thông qua smartphone.', '<h2><strong>1. Đ&egrave;n LED d&acirc;y th&ocirc;ng minh RGB 16 triệu m&agrave;u</strong></h2>\r\n\r\n<ul>\r\n	<li>Đ&egrave;n LED d&acirc;y th&ocirc;ng minh RGB 16 triệu m&agrave;u l&agrave; một sản phẩm chiếu s&aacute;ng được sử dụng nhiều trong kh&ocirc;ng gian nh&agrave; ở để đạt được mục đ&iacute;ch chiếu s&aacute;ng thẩm mỹ.</li>\r\n	<li>Đ&egrave;n LED RGB thường c&oacute; h&igrave;nh d&aacute;ng l&agrave; những cuộn tr&ograve;n được bố tr&iacute; nhiều mắt LED suốt dọc sợi d&acirc;y, đồng thời cho ph&eacute;p uốn dẻo, tạo h&igrave;nh.</li>\r\n	<li>Đ&egrave;n LED được ứng dụng nhiều trong việc trang ho&agrave;ng nh&agrave; cửa, mang đến những &aacute;nh s&aacute;ng v&ocirc; c&ugrave;ng sinh động v&agrave; đa dạng, l&agrave;m tăng th&ecirc;m vẻ đẹp của ng&ocirc;i nh&agrave; hiện đại.</li>\r\n</ul>\r\n\r\n<figure aria-describedby=\"caption-attachment-6509\" id=\"attachment_6509\"><img alt=\"Đèn LED dây thông minh RGB 16 triệu màu lắp đặt tại phòng khách\" decoding=\"async\" height=\"450\" sizes=\"(max-width: 850px) 100vw, 850px\" src=\"https://lumi.vn/wp-content/uploads/2020/11/Led-strip-light-use-in-living-room-ceiling.jpg\" srcset=\"https://lumi.vn/wp-content/uploads/2020/11/Led-strip-light-use-in-living-room-ceiling.jpg 850w, https://lumi.vn/wp-content/uploads/2020/11/Led-strip-light-use-in-living-room-ceiling-600x318.jpg 600w, https://lumi.vn/wp-content/uploads/2020/11/Led-strip-light-use-in-living-room-ceiling-300x159.jpg 300w, https://lumi.vn/wp-content/uploads/2020/11/Led-strip-light-use-in-living-room-ceiling-768x407.jpg 768w, https://lumi.vn/wp-content/uploads/2020/11/Led-strip-light-use-in-living-room-ceiling-510x270.jpg 510w\" width=\"850\" />\r\n<figcaption id=\"caption-attachment-6509\">Đ&egrave;n LED d&acirc;y RGB 16 triệu m&agrave;u th&ocirc;ng minh lắp đặt tại ph&ograve;ng kh&aacute;ch</figcaption>\r\n</figure>\r\n\r\n<p>&gt;&gt; Xem th&ecirc;m mẫu đ&egrave;n ngo&agrave;i trời mới:&nbsp;<a href=\"https://lumi.vn/san-pham/den-gan-tuong-ngoai-troi-hinh-cau-2x3w.html\" rel=\"noopener\" target=\"_blank\"><em><strong>Đ&egrave;n gắn tường h&igrave;nh cầu 2*3W ngo&agrave;i trời</strong></em></a></p>\r\n\r\n<h2><strong>2. Ứng dụng của đ&egrave;n LED d&acirc;y 16 triệu m&agrave;u RGB th&ocirc;ng minh</strong></h2>\r\n\r\n<ul>\r\n	<li>L&agrave;&nbsp;<a href=\"https://lumi.vn/den-led-thong-minh\" rel=\"noopener\" target=\"_blank\"><em><strong>đ&egrave;n th&ocirc;ng minh</strong></em></a>&nbsp;mang mục đ&iacute;ch thi&ecirc;n về trang tr&iacute; nh&agrave; cửa, đ&egrave;n LED d&acirc;y 16 triệu m&agrave;u nằm trong bộ thiết bị Lumi Smart Lighting cho ph&eacute;p đổi m&agrave;u trong bảng RGB 16 triệu m&agrave;u sắc.</li>\r\n	<li>Đ&egrave;n 16 triệu m&agrave;u cao cấp thường được lắp tại những g&oacute;c kh&ocirc;ng gian hẹp v&agrave; được giấu v&agrave;o ph&iacute;a trong, kh&ocirc;ng lộ ra nguồn ph&aacute;t s&aacute;ng. Khi k&iacute;ch hoạt chiếu s&aacute;ng, người nh&igrave;n sẽ chỉ thấy m&agrave;u &aacute;nh s&aacute;ng chứ kh&ocirc;ng thấy nguồn ph&aacute;t ra.</li>\r\n</ul>\r\n\r\n<figure aria-describedby=\"caption-attachment-6088\" id=\"attachment_6088\"><img alt=\"Ứng dụng của đèn LED dây 16 triệu màu RGB thông minh\" decoding=\"async\" height=\"313\" loading=\"lazy\" sizes=\"(max-width: 850px) 100vw, 850px\" src=\"https://lumi.vn/wp-content/uploads/2020/11/Tunable-white-led-day-1024x377.jpg\" srcset=\"https://lumi.vn/wp-content/uploads/2020/11/Tunable-white-led-day-1024x377.jpg 1024w, https://lumi.vn/wp-content/uploads/2020/11/Tunable-white-led-day-600x221.jpg 600w, https://lumi.vn/wp-content/uploads/2020/11/Tunable-white-led-day-300x111.jpg 300w, https://lumi.vn/wp-content/uploads/2020/11/Tunable-white-led-day-768x283.jpg 768w, https://lumi.vn/wp-content/uploads/2020/11/Tunable-white-led-day-1536x566.jpg 1536w, https://lumi.vn/wp-content/uploads/2020/11/Tunable-white-led-day-510x188.jpg 510w, https://lumi.vn/wp-content/uploads/2020/11/Tunable-white-led-day.jpg 1900w\" width=\"850\" />\r\n<figcaption id=\"caption-attachment-6088\">Ứng dụng của đ&egrave;n LED d&acirc;y 16 triệu m&agrave;u RGB th&ocirc;ng minh</figcaption>\r\n</figure>\r\n\r\n<ul>\r\n	<li>Với c&ocirc;ng nghệ chiếu s&aacute;ng th&ocirc;ng minh t&iacute;ch hợp v&agrave;o đ&egrave;n LED d&acirc;y 16 triệu m&agrave;u cao cấp Lumi, bạn c&oacute; thể sử dụng Smartphone để đổi m&agrave;u kh&ocirc;ng gian theo &yacute; muốn.</li>\r\n	<li>Người d&ugrave;ng c&oacute; thể c&agrave;i đặt thay đổi m&agrave;u kh&ocirc;ng gian theo giờ, hoặc tận dụng &aacute;nh s&aacute;ng đa m&agrave;u sắc, kết hợp c&ugrave;ng &acirc;m nhạc để tạo n&ecirc;n những bữa tiệc s&ocirc;i động tr&agrave;n đầy hứng khởi.</li>\r\n</ul>\r\n\r\n<h2><strong>3. Ưu điểm của đ&egrave;n LED d&acirc;y th&ocirc;ng minh RGB 16 triệu m&agrave;u Lumi</strong></h2>\r\n\r\n<figure aria-describedby=\"caption-attachment-6090\" id=\"attachment_6090\"><img alt=\"LED dây thông minh RGB tạo không gian lãng mạn cho ngôi nhà\" decoding=\"async\" height=\"566\" loading=\"lazy\" sizes=\"(max-width: 850px) 100vw, 850px\" src=\"https://lumi.vn/wp-content/uploads/2020/11/villa-an-choi-1024x682.jpg\" srcset=\"https://lumi.vn/wp-content/uploads/2020/11/villa-an-choi-1024x682.jpg 1024w, https://lumi.vn/wp-content/uploads/2020/11/villa-an-choi-600x400.jpg 600w, https://lumi.vn/wp-content/uploads/2020/11/villa-an-choi-300x200.jpg 300w, https://lumi.vn/wp-content/uploads/2020/11/villa-an-choi-768x512.jpg 768w, https://lumi.vn/wp-content/uploads/2020/11/villa-an-choi-510x340.jpg 510w, https://lumi.vn/wp-content/uploads/2020/11/villa-an-choi.jpg 1070w\" width=\"850\" />\r\n<figcaption id=\"caption-attachment-6090\">LED d&acirc;y th&ocirc;ng minh RGB tạo kh&ocirc;ng gian l&atilde;ng mạn cho ng&ocirc;i nh&agrave;</figcaption>\r\n</figure>\r\n\r\n<p>Đ&egrave;n 16 triệu m&agrave;u của Lumi c&oacute; nhiều ưu điểm nổi bật. Cụ thể:</p>\r\n\r\n<ul>\r\n	<li>Đ&egrave;n LED d&acirc;y th&ocirc;ng minh RGB 16 triệu m&agrave;u l&agrave; sự lựa chọn ho&agrave;n hảo để tạo kh&ocirc;ng gian s&aacute;ng tạo v&agrave; phong c&aacute;ch cho nhiều c&ocirc;ng tr&igrave;nh kh&aacute;c nhau.</li>\r\n	<li>Sản phẩm kh&ocirc;ng chỉ mang lại t&iacute;nh linh hoạt cao m&agrave; c&ograve;n gi&uacute;p bạn điều khiển đ&egrave;n bằng smartphone v&agrave; giọng n&oacute;i một c&aacute;ch dễ d&agrave;ng. Điều n&agrave;y kh&ocirc;ng bị ảnh hưởng bởi hạ tầng điện, đảm bảo rằng bạn lu&ocirc;n c&oacute; quyền kiểm so&aacute;t m&agrave;u sắc v&agrave; &aacute;nh s&aacute;ng.</li>\r\n	<li>C&ocirc;ng nghệ chiếu s&aacute;ng lấy con người l&agrave;m trung t&acirc;m (Human Centric Lighting &ndash; HCL) l&agrave; điểm nhấn độc đ&aacute;o, gi&uacute;p cải thiện nhịp sinh học v&agrave; tăng cường cảm gi&aacute;c thoải m&aacute;i.</li>\r\n	<li>Đ&egrave;n LED aRGB c&oacute; tuổi thọ đ&aacute;ng kinh ngạc l&ecirc;n đến 25000 giờ chiếu s&aacute;ng; tương đương với hơn 10 năm sử dụng trung b&igrave;nh 6 giờ mỗi ng&agrave;y. Điều n&agrave;y kh&ocirc;ng chỉ tiết kiệm chi ph&iacute; m&agrave; c&ograve;n tạo sự ổn định v&agrave; bền bỉ cho kh&ocirc;ng gian của bạn.</li>\r\n	<li>Với khả năng dễ d&agrave;ng kết hợp c&ugrave;ng c&aacute;c thiết bị th&ocirc;ng minh Lumi kh&aacute;c, bạn c&oacute; thể tạo ra những kịch bản sống tiện &iacute;ch; tạo ra m&ocirc;i trường sống v&agrave; l&agrave;m việc th&ocirc;ng minh, tiện nghi v&agrave; th&uacute; vị từ những ch&uacute;t &aacute;nh s&aacute;ng đa dạng v&agrave; tươi s&aacute;ng của LED d&acirc;y th&ocirc;ng minh RGB 16 triệu m&agrave;u.</li>\r\n</ul>\r\n', 'upload/images/14.png', 3, 0, 0),
(58, 'Đèn LED dây thông minh 1 màu (3000K hoặc 4000K)', 4990000, 2495000, 95, '', '', 'upload/images/15.png', 3, 0, 0),
(68, 'Đèn LED Downlight thông minh âm trần', 4990000, 2495000, 96, '', '', 'upload/images/16.jpg', 3, 0, 0),
(69, 'Mini Spotlight 6W xoay góc', 1290000, 1030000, 93, '', '', 'upload/images/17.jpg', 3, 0, 0),
(79, 'Cảm biến chuyển động gắn trần', 1899000, 1599000, 98, 'Cảm biến chuyển động gắn trần Lumi là một thiết bị không thể thiếu để thiết lập những tính năng tự động hoá trong ngôi hệ sinh thái nhà thông minh. Thiết bị hoạt động bằng công nghệ cảm biến hồng ngoại, sử dụng nguồn điện tiêu chuẩn 220V và cho phép gắn trực tiếp lên các loại trần nhà phổ thông.', '<h3 id=\"docs-internal-guid-029223d8-7fff-e109-bd00-a48ddce31c96\">&nbsp;</h3>\r\n\r\n<h2><b>1. T&iacute;nh năng cảm biến chuyển động gắn trần Lumi</b></h2>\r\n\r\n<p>Cảm biến chuyển động được ứng dụng đa dạng tại nhiều nơi như ph&ograve;ng tắm, h&agrave;nh lang nh&agrave; ở, trường học, văn ph&ograve;ng&hellip; tr&aacute;nh t&igrave;nh trạng người d&ugrave;ng qu&ecirc;n tắt đ&egrave;n khi sử dụng xong. Cảm biến chuyển động gắn trần kh&ocirc;ng chỉ c&oacute; c&aacute;c t&iacute;nh năng cơ bản như</p>\r\n\r\n<ul>\r\n	<li>Bật đ&egrave;n khi ph&aacute;t hiện chuyển động trong v&ugrave;ng cảm biến</li>\r\n	<li>Tắt đ&egrave;n sau 1 thời gian c&agrave;i đặt khi kh&ocirc;ng ph&aacute;t hiện chuyển động</li>\r\n</ul>\r\n\r\n<p>Cảm biến c&ograve;n được t&iacute;ch hợp cảm biến &aacute;nh s&aacute;ng, gi&uacute;p người d&ugrave;ng tận hưởng những t&iacute;nh năng th&ocirc;ng minh hơn. Cụ thể:</p>\r\n\r\n<ul>\r\n	<li>Cảm biến &aacute;nh s&aacute;ng sẽ ghi nhận độ s&aacute;ng tại khu vực được lắp đặt thiết bị, đồng thời so s&aacute;nh với độ s&aacute;ng được c&agrave;i đặt ở đ&egrave;n v&agrave; chỉ bật đ&egrave;n s&aacute;ng khi &aacute;nh s&aacute;ng được ghi nhận nhỏ hơn &aacute;nh s&aacute;ng được c&agrave;i đặt.</li>\r\n	<li>Tại một số khu vực đặc th&ugrave; hoặc thường xuy&ecirc;n c&oacute; &aacute;nh s&aacute;ng tự nhi&ecirc;n cường độ cao, cảm biến sẽ c&oacute; thể nhận biết để điều khiển đ&egrave;n bật ph&ugrave; hợp, tr&aacute;nh l&atilde;ng ph&iacute; điện năng.</li>\r\n	<li>Ngo&agrave;i ra, thiết bị c&ograve;n được trang bị th&ecirc;m mắt che để người d&ugrave;ng dễ d&agrave;ng điều chỉnh g&oacute;c qu&eacute;t theo nhu cầu chiếu s&aacute;ng tự động.&nbsp;</li>\r\n</ul>\r\n\r\n<figure aria-describedby=\"caption-attachment-16834\" id=\"attachment_16834\"><img alt=\"Cảm biến hiện diện Lumi thiết kế nhỏ gọn\" decoding=\"async\" height=\"850\" loading=\"lazy\" sizes=\"(max-width: 850px) 100vw, 850px\" src=\"https://lumi.vn/wp-content/uploads/2023/07/cam-bien-chuyen-dong-gan-tran-1.jpg\" srcset=\"https://lumi.vn/wp-content/uploads/2023/07/cam-bien-chuyen-dong-gan-tran-1.jpg 1080w, https://lumi.vn/wp-content/uploads/2023/07/cam-bien-chuyen-dong-gan-tran-1-300x300.jpg 300w, https://lumi.vn/wp-content/uploads/2023/07/cam-bien-chuyen-dong-gan-tran-1-1024x1024.jpg 1024w, https://lumi.vn/wp-content/uploads/2023/07/cam-bien-chuyen-dong-gan-tran-1-150x150.jpg 150w, https://lumi.vn/wp-content/uploads/2023/07/cam-bien-chuyen-dong-gan-tran-1-768x768.jpg 768w, https://lumi.vn/wp-content/uploads/2023/07/cam-bien-chuyen-dong-gan-tran-1-600x600.jpg 600w, https://lumi.vn/wp-content/uploads/2023/07/cam-bien-chuyen-dong-gan-tran-1-100x100.jpg 100w, https://lumi.vn/wp-content/uploads/2023/07/cam-bien-chuyen-dong-gan-tran-1-50x50.jpg 50w\" width=\"850\" />\r\n<figcaption id=\"caption-attachment-16834\">Cảm biến hiện diện Lumi thiết kế nhỏ gọn</figcaption>\r\n</figure>\r\n\r\n<p><strong>G&oacute;c mắt che tối ưu:</strong></p>\r\n\r\n<ul>\r\n	<li>G&oacute;c nhận diện 72&deg;-92&deg;</li>\r\n	<li>G&oacute;c nhận diện 30&deg;-102&deg;hoặc 30&deg;- 92&deg;</li>\r\n	<li>G&oacute;c nhận diện 46&deg;-102&deg;hoặc 51&deg;- 92&deg;</li>\r\n</ul>\r\n\r\n<h2><b>2. Ưu điểm cảm biến chuyển động &acirc;m trần Lumi</b></h2>\r\n\r\n<ul>\r\n	<li>Thiết kế tinh gọn với m&agrave;u sắc trắng, mắt cảm biến kh&ocirc;ng lộ hẳn ra ngo&agrave;i đảm bảo t&iacute;nh thẩm mỹ, cảm biến chuyển động gắn trần Lumi sẽ l&agrave; một sự lựa chọn ho&agrave;n hảo cho những người theo đuổi phong c&aacute;ch đơn giản v&agrave; tinh tế.</li>\r\n	<li>B&ecirc;n cạnh đ&oacute;, cảm biến chuyển động gắn trần Lumi được l&agrave;m từ nhựa PP chống ch&aacute;y, mang tới độ bền cao, hầu như kh&ocirc;ng bị ảnh hưởng bởi điều kiện thời tiết nhiệt đới n&oacute;ng ẩm như ở Việt Nam.</li>\r\n</ul>\r\n\r\n<h2><b>3. C&aacute;ch thức hoạt động cảm biến chuyển động gắn trần</b></h2>\r\n\r\n<ul>\r\n	<li>Khi cảm biến ph&aacute;t hiện sự di chuyển, ngay lập truyền t&iacute;n hiệu tới bộ xử l&yacute; b&ecirc;n trong cảm biến để thực hiện c&ocirc;ng việc bật/tắt đối với b&oacute;ng đ&egrave;n.</li>\r\n	<li>Với những vị tr&iacute; ph&ograve;ng cạnh nhau được lắp đặt cảm biến chuyển động, mắt cảm biến sẽ gi&uacute;p bạn che đi g&oacute;c kh&ocirc;ng cần cảm biến qu&eacute;t tới.</li>\r\n	<li>V&iacute; dụ: khi lắp cảm biến trong ph&ograve;ng vệ sinh th&igrave; bạn n&ecirc;n điều chỉnh mắt cảm biến che đi hướng của khu vực h&agrave;nh lang; do vậy những ai đi qua h&agrave;nh lang sẽ kh&ocirc;ng thể l&agrave;m cho cảm biến trong ph&ograve;ng vệ sinh hoạt động.</li>\r\n</ul>\r\n\r\n<p>Ngo&agrave;i ra, thời gian bật/ tắt sẽ được bạn c&agrave;i đặt một c&aacute;ch linh hoạt. V&iacute; dụ: thời gian s&aacute;ng khi người đi qua hoặc đứng trong v&ugrave;ng cảm biến sẽ k&eacute;o d&agrave;i đến 30 ph&uacute;t, v&agrave; sẽ tắt sau khi người di chuyển qua từ 5 gi&acirc;y &ndash; 30 ph&uacute;t.</p>\r\n\r\n<h2><strong>4. Ứng dụng cảm biến chuyển động gắn trần th&ocirc;ng minh</strong></h2>\r\n\r\n<p>Cảm biến chuyển động &acirc;m trần thường được lắp đặt tại c&aacute;c kh&ocirc;ng gian như:</p>\r\n\r\n<ul>\r\n	<li>Ph&ograve;ng kh&aacute;ch hoặc ph&ograve;ng ch&iacute;nh: Lắp đặt cảm biến chuyển động ở ph&ograve;ng kh&aacute;ch hoặc ph&ograve;ng ch&iacute;nh c&oacute; thể gi&uacute;p kiểm so&aacute;t &aacute;nh s&aacute;ng tự động hoặc k&iacute;ch hoạt c&aacute;c thiết bị điện tử khi c&oacute; người đi v&agrave;o ph&ograve;ng.</li>\r\n	<li>Ph&ograve;ng ngủ: Trong c&aacute;c ph&ograve;ng ngủ, cảm biến chuyển động c&oacute; thể sử dụng để kiểm so&aacute;t &aacute;nh s&aacute;ng hoặc k&iacute;ch hoạt hệ thống th&ocirc;ng b&aacute;o khi c&oacute; người thức dậy.</li>\r\n	<li>Nh&agrave; vệ sinh: Lắp đặt cảm biến chuyển động ở nh&agrave; vệ sinh c&oacute; thể tự động k&iacute;ch hoạt đ&egrave;n hoặc quạt th&ocirc;ng gi&oacute; khi c&oacute; người sử dụng.</li>\r\n	<li>Nh&agrave; kho hoặc garage: Cảm biến chuyển động c&oacute; thể được lắp đặt ở những nơi như nh&agrave; kho, garage hoặc những khu vực lưu trữ kh&aacute;c để ph&aacute;t hiện sự chuyển động v&agrave; bảo vệ an ninh.</li>\r\n	<li>Văn ph&ograve;ng hoặc kh&ocirc;ng gian l&agrave;m việc: Trong m&ocirc;i trường văn ph&ograve;ng, cảm biến chuyển động c&oacute; thể sử dụng để kiểm so&aacute;t &aacute;nh s&aacute;ng v&agrave; nhiệt độ, đảm bảo tiết kiệm năng lượng v&agrave; thoải m&aacute;i cho nh&acirc;n vi&ecirc;n.</li>\r\n	<li>Cửa ra v&agrave;o: Lắp đặt cảm biến chuyển động ở cửa ra v&agrave;o c&oacute; thể gi&uacute;p theo d&otilde;i việc v&agrave;o ra của người, đặc biệt trong c&aacute;c cơ sở thương mại hoặc doanh nghiệp.</li>\r\n	<li>Khu vực quan trọng cần bảo vệ: Trong c&aacute;c hệ thống an ninh, cảm biến chuyển động c&oacute; thể lắp đặt ở c&aacute;c vị tr&iacute; quan trọng như cửa ra v&agrave;o, cửa sổ hoặc khu vực c&oacute; gi&aacute; trị cao để ph&aacute;t hiện sự x&acirc;m nhập.</li>\r\n</ul>\r\n', 'upload/images/6.jpg', 2, 0, 0),
(80, 'Cảm biến hiện diện Lumi', 1649000, 1599000, 100, 'Cảm biến hiện diện Lumi là kết hợp hoàn hảo giữa công nghệ cảm biến Radar (cảm biến vi sóng) và PIR (cảm biến hồng ngoại), mang đến những cải tiến hiện đại so với cảm biến chuyển động thông thường. Sản phẩm không chỉ cung cấp khả năng phát hiện chính xác mà còn đem lại trải nghiệm tiện nghi trọn vẹn cho người dùng.', '<h2><b>1. Đặc điểm của cảm biến hiện diện Lumi</b></h2>\r\n\r\n<ul>\r\n	<li aria-level=\"1\">Cảm biến hiện diện Lumi được thiết kế nhỏ gọn, đơn giản v&agrave; tinh tế, gi&uacute;p dễ d&agrave;ng lắp đặt v&agrave; kiểm tra..</li>\r\n	<li aria-level=\"1\">Th&acirc;n v&agrave; vỏ cảm biến được l&agrave;m từ nhựa chống ch&aacute;y PC UL94-V0, đảm bảo an to&agrave;n cho người d&ugrave;ng</li>\r\n	<li aria-level=\"1\">Mắt cảm biến Radar v&agrave; PIR được t&iacute;ch hợp ph&iacute;a trong cảm biến gi&uacute;p tận dụng tối đa t&iacute;nh năng của 2 c&ocirc;ng nghệ n&agrave;y.</li>\r\n</ul>\r\n\r\n<figure aria-describedby=\"caption-attachment-16846\" id=\"attachment_16846\"><img alt=\"Công nghệ Radar kết hợp PIR trong cảm biến hiện diện Lumi\" decoding=\"async\" height=\"506\" loading=\"lazy\" sizes=\"(max-width: 834px) 100vw, 834px\" src=\"https://lumi.vn/wp-content/uploads/2023/07/cong-nghe-radar-ket-hop-pir-trong-cam-bien-hien-dien-lumi-300x182.png\" srcset=\"https://lumi.vn/wp-content/uploads/2023/07/cong-nghe-radar-ket-hop-pir-trong-cam-bien-hien-dien-lumi-300x182.png 300w, https://lumi.vn/wp-content/uploads/2023/07/cong-nghe-radar-ket-hop-pir-trong-cam-bien-hien-dien-lumi-1024x620.png 1024w, https://lumi.vn/wp-content/uploads/2023/07/cong-nghe-radar-ket-hop-pir-trong-cam-bien-hien-dien-lumi-768x465.png 768w, https://lumi.vn/wp-content/uploads/2023/07/cong-nghe-radar-ket-hop-pir-trong-cam-bien-hien-dien-lumi-1536x930.png 1536w, https://lumi.vn/wp-content/uploads/2023/07/cong-nghe-radar-ket-hop-pir-trong-cam-bien-hien-dien-lumi-600x363.png 600w, https://lumi.vn/wp-content/uploads/2023/07/cong-nghe-radar-ket-hop-pir-trong-cam-bien-hien-dien-lumi.png 1900w\" width=\"834\" />\r\n<figcaption id=\"caption-attachment-16846\">C&ocirc;ng nghệ Radar kết hợp PIR trong cảm biến hiện diện Lumi</figcaption>\r\n</figure>\r\n\r\n<h2><b>2. Ưu điểm của cảm biến hiện diện th&ocirc;ng minh Lumi</b></h2>\r\n\r\n<h3><b><i>2.1. Tiết kiệm năng lượng sử dụng nhờ bật/tắt thiết bị ch&iacute;nh x&aacute;c</i></b></h3>\r\n\r\n<ul>\r\n	<li>C&ocirc;ng nghệ FMCW Radar (Radar với tần số s&oacute;ng li&ecirc;n tục) khi t&iacute;ch hợp với PIR mang đến khả năng nhận diện người vượt trội. Sự kết hợp n&agrave;y gi&uacute;p giảm nhiễu, đảm bảo độ ch&iacute;nh x&aacute;c cao hơn v&agrave; tin cậy hơn trong việc ph&aacute;t hiện sự hiện diện của con người.</li>\r\n	<li>Cảm biến hiện diện thế hệ mới c&oacute; thể nhận diện được ch&iacute;nh x&aacute;c d&ugrave; đang kh&ocirc;ng cử động mạnh như ngồi thiền, đọc s&aacute;ch, l&agrave;m việc hay đi WC&hellip;</li>\r\n	<li>Hạn chế ảnh hưởng từ m&ocirc;i trường như c&oacute; gi&oacute; n&oacute;ng, gi&oacute; điều ho&agrave;, bật quạt hay &aacute;nh mặt trời chiếu v&agrave;o cảm biến; từ đ&oacute; giảm tối đa t&iacute;n hiệu nhiễu v&agrave; tắt đ&egrave;n sau 3 ph&uacute;t để giảm thiểu l&atilde;ng ph&iacute; điện năng.</li>\r\n	<li>Giảm thiểu rủi ro c&oacute; đồ vật bay v&agrave;o v&ugrave;ng ph&aacute;t hiện như đồ chơi, quả b&oacute;ng,&hellip; cảm biến sẽ kh&ocirc;ng ph&aacute;t hiện trong trường hợp n&agrave;y.</li>\r\n	<li>B&ecirc;n cạnh đ&oacute;, cảm biến hiện diện Lumi c&ograve;n cho ph&eacute;p c&agrave;i đặt thời gian hoạt động qua ứng dụng Lumi Life+ để cảm biến ph&aacute;t hiện sự hiện diện v&agrave; bật tắt đ&egrave;n trong thời gian đ&atilde; c&agrave;i đặt. Nhờ đ&oacute;, cảm biến gi&uacute;p người d&ugrave;ng tiết kiệm điện năng ti&ecirc;u thụ qua việc c&agrave;i đặt thời gian theo lối sống sinh hoạt của gia đ&igrave;nh.</li>\r\n</ul>\r\n\r\n<figure aria-describedby=\"caption-attachment-16850\" id=\"attachment_16850\"><img alt=\"Cảm biến hiện diện thế hệ mới giúp tiết kiệm năng lượng\" decoding=\"async\" height=\"478\" loading=\"lazy\" sizes=\"(max-width: 850px) 100vw, 850px\" src=\"https://lumi.vn/wp-content/uploads/2023/07/cam-bien-hien-dien-lumi-giup-tiet-kiem-nang-luong.png\" srcset=\"https://lumi.vn/wp-content/uploads/2023/07/cam-bien-hien-dien-lumi-giup-tiet-kiem-nang-luong.png 5258w, https://lumi.vn/wp-content/uploads/2023/07/cam-bien-hien-dien-lumi-giup-tiet-kiem-nang-luong-300x169.png 300w, https://lumi.vn/wp-content/uploads/2023/07/cam-bien-hien-dien-lumi-giup-tiet-kiem-nang-luong-1024x576.png 1024w, https://lumi.vn/wp-content/uploads/2023/07/cam-bien-hien-dien-lumi-giup-tiet-kiem-nang-luong-768x432.png 768w, https://lumi.vn/wp-content/uploads/2023/07/cam-bien-hien-dien-lumi-giup-tiet-kiem-nang-luong-1536x864.png 1536w, https://lumi.vn/wp-content/uploads/2023/07/cam-bien-hien-dien-lumi-giup-tiet-kiem-nang-luong-2048x1152.png 2048w, https://lumi.vn/wp-content/uploads/2023/07/cam-bien-hien-dien-lumi-giup-tiet-kiem-nang-luong-600x338.png 600w\" width=\"850\" />\r\n<figcaption id=\"caption-attachment-16850\">Cảm biến hiện diện thế hệ mới gi&uacute;p tiết kiệm năng lượng</figcaption>\r\n</figure>\r\n\r\n<h3><b><i>2.2. Tiện nghi vượt trội với khả năng duy tr&igrave; ph&aacute;t hiện sự hiện diện của người</i></b></h3>\r\n\r\n<ul>\r\n	<li>C&ocirc;ng nghệ FMCW Radar c&oacute; thể cảm nhận được những chuyển động rất nhỏ v&agrave; li&ecirc;n tục của hơi thở v&agrave; nhịp tim d&ugrave; cơ thể người đang ở trạng th&aacute;i tĩnh. Sự nhanh nhạy n&agrave;y gi&uacute;p cảm biến hiện diện duy tr&igrave; sự ph&aacute;t hiện của người trong v&ugrave;ng qu&eacute;t li&ecirc;n tục.</li>\r\n	<li>Kh&ocirc;ng chỉ c&oacute; khả năng duy tr&igrave; ph&aacute;t hiện sự hiện diện m&agrave; c&ograve;n được t&iacute;ch hợp cảm biến &aacute;nh s&aacute;ng gi&uacute;p gia tăng gi&aacute; trị tiện nghi cho người d&ugrave;ng khi kết hợp với những thiết bị kh&aacute;c trong hệ sinh th&aacute;i nh&agrave; th&ocirc;ng minh.</li>\r\n	<li>Cảm biến &aacute;nh s&aacute;ng n&agrave;y gi&uacute;p ghi nhận điều kiện &aacute;nh s&aacute;ng tại khu vực lắp đặt; nếu &aacute;nh s&aacute;ng tự nhi&ecirc;n đủ để sinh hoạt, cảm biến sẽ tự điều chỉnh để đ&egrave;n kh&ocirc;ng bật s&aacute;ng.</li>\r\n</ul>\r\n\r\n<h3><b><i>2.3. Cấu h&igrave;nh linh hoạt, lắp đặt nhanh ch&oacute;ng</i></b></h3>\r\n\r\n<ul>\r\n	<li>Cảm biến hiện diện Lumi mang lại sự tiện lợi cho qu&aacute; tr&igrave;nh lắp đặt, c&agrave;i đặt v&agrave; cấu h&igrave;nh. Người d&ugrave;ng c&oacute; thể dễ d&agrave;ng mua v&agrave; lắp đặt cảm biến chỉ trong &iacute;t ph&uacute;t.</li>\r\n	<li>Cảm biến hiện diện Lumi cung cấp sự linh hoạt cho người d&ugrave;ng bằng việc đi k&egrave;m với 3 loại mắt che kh&aacute;c nhau. Điều n&agrave;y cho ph&eacute;p người d&ugrave;ng t&ugrave;y chỉnh v&ugrave;ng ph&aacute;t hiện của cảm biến ph&ugrave; hợp với từng kh&ocirc;ng gian.</li>\r\n	<li>Ngo&agrave;i ra người d&ugrave;ng cũng c&oacute; thể lựa chọn chế độ cảm biến tuỳ theo nhu cầu cụ thể, bao gồm:\r\n	<ul>\r\n		<li aria-level=\"1\">Chế độ cảm biến PIR</li>\r\n		<li aria-level=\"1\">Chế độ cảm biến Radar</li>\r\n		<li aria-level=\"1\">Chế độ PIR v&agrave; Radar kết hợp</li>\r\n	</ul>\r\n	</li>\r\n	<li>Khoảng c&aacute;ch lắp đặt cũng c&oacute; thể được điều chỉnh để ph&ugrave; hợp với mục đ&iacute;ch sử dụng, t&ugrave;y thuộc v&agrave;o độ cao của trần nh&agrave; v&agrave; phạm vi nhận diện mong muốn.</li>\r\n	<li>Đặc biệt, c&aacute;c thao t&aacute;c cấu h&igrave;nh cho cảm biến đều c&oacute; thể thực hiện tr&ecirc;n smartphone th&ocirc;ng qua ứng dụng Lumi Life+.</li>\r\n</ul>\r\n\r\n<figure aria-describedby=\"caption-attachment-16848\" id=\"attachment_16848\"><img alt=\"Dễ dàng cấu hình, lắp đặt với cảm biến hiện diện trên app Lumi Life+\" decoding=\"async\" height=\"478\" loading=\"lazy\" sizes=\"(max-width: 850px) 100vw, 850px\" src=\"https://lumi.vn/wp-content/uploads/2023/07/de-dang-cau-hinh-lap-dat-voi-cam-bien-hien-dien-lumi.png\" srcset=\"https://lumi.vn/wp-content/uploads/2023/07/de-dang-cau-hinh-lap-dat-voi-cam-bien-hien-dien-lumi.png 5334w, https://lumi.vn/wp-content/uploads/2023/07/de-dang-cau-hinh-lap-dat-voi-cam-bien-hien-dien-lumi-300x169.png 300w, https://lumi.vn/wp-content/uploads/2023/07/de-dang-cau-hinh-lap-dat-voi-cam-bien-hien-dien-lumi-1024x576.png 1024w, https://lumi.vn/wp-content/uploads/2023/07/de-dang-cau-hinh-lap-dat-voi-cam-bien-hien-dien-lumi-768x432.png 768w, https://lumi.vn/wp-content/uploads/2023/07/de-dang-cau-hinh-lap-dat-voi-cam-bien-hien-dien-lumi-1536x864.png 1536w, https://lumi.vn/wp-content/uploads/2023/07/de-dang-cau-hinh-lap-dat-voi-cam-bien-hien-dien-lumi-2048x1152.png 2048w, https://lumi.vn/wp-content/uploads/2023/07/de-dang-cau-hinh-lap-dat-voi-cam-bien-hien-dien-lumi-600x337.png 600w\" width=\"850\" />\r\n<figcaption id=\"caption-attachment-16848\">Dễ d&agrave;ng cấu h&igrave;nh, lắp đặt với cảm biến hiện diện tr&ecirc;n app LumiLife+</figcaption>\r\n</figure>\r\n\r\n<h3><b><i>2.4. An to&agrave;n khi lắp đặt tại c&aacute;c kh&ocirc;ng gian ri&ecirc;ng tư</i></b></h3>\r\n\r\n<ul>\r\n	<li>Cảm biến hiện diện l&agrave; giải ph&aacute;p ho&agrave;n hảo cho c&aacute;c kh&ocirc;ng gian ri&ecirc;ng tư như ph&ograve;ng ngủ, nh&agrave; vệ sinh. Với cảm biến chuyển động th&ocirc;ng thường, việc đ&egrave;n thường xuy&ecirc;n tắt khi c&oacute; người &iacute;t chuyển động trong khu vực sẽ g&acirc;y phiền to&aacute;i.</li>\r\n	<li>Tuy nhi&ecirc;n, việc sử dụng camera AI để ph&aacute;t hiện chuyển động kh&ocirc;ng ph&ugrave; hợp với kh&ocirc;ng gian&nbsp; ri&ecirc;ng tư. Cảm biến hiện diện gi&uacute;p tự động bật tắt đ&egrave;n v&agrave; duy tr&igrave; &aacute;nh s&aacute;ng m&agrave; kh&ocirc;ng cần ghi lại h&igrave;nh ảnh, mang lại sự thuận tiện m&agrave; vẫn bảo vệ quyền ri&ecirc;ng tư của người d&ugrave;ng.</li>\r\n</ul>\r\n\r\n<h2><b>3. Ứng dụng của cảm biến hiện diện thế hệ mới</b></h2>\r\n\r\n<p>Với những ưu điểm vượt trội kể tr&ecirc;n, hiện nay, cảm biến hiện diện được sử dụng ở c&aacute;c kh&ocirc;ng gian như:</p>\r\n\r\n<ul>\r\n	<li aria-level=\"1\">H&agrave;nh lang</li>\r\n	<li aria-level=\"1\">Nh&agrave; vệ sinh</li>\r\n	<li aria-level=\"1\">Nh&agrave; tắm</li>\r\n	<li aria-level=\"1\">Ph&ograve;ng ngủ</li>\r\n	<li aria-level=\"1\">Ph&ograve;ng họp</li>\r\n	<li aria-level=\"1\">Ph&ograve;ng đọc s&aacute;ch</li>\r\n	<li aria-level=\"1\">&hellip;.</li>\r\n</ul>\r\n', 'upload/images/7.jpg', 2, 0, 0),
(81, 'Mini Spotlight 6W-10W', 350000, 210000, 99, '', '', 'upload/images/18.jpg', 3, 0, 0),
(92, 'Camera Wifi Tuya CWI04 (Indoor)', 1000000, 1000000, 20, '– Tên SP: Camera Wifi Tuya – Mã SP: CWI04\r\n– Ống kính: 3.6mm – Độ phân giải: 2MP (720*1080P)\r\n– Chức năng Xoay: Qua lại 355°(D), lên xuống 90°(H)\r\n– Tính năng: Đàm thoại 2 chiều, phát hiện chuyển động, hồng ngoại ban đêm\r\n– Chuẩn kết nối: Wifi 2.4Ghz IEEE 802.11 b/n/g\r\n– Thẻ nhớ: Upto 128GB – Hỗ trợ: ONVIF, TCP/IP\r\n– Điện năng: DC 5V 1.5A (Adapter) – Chất liệu: Nhựa PC\r\n– Màu sắc: Trắng viền xanh – Bảo hành: 12 tháng', '<p><strong>Tuya CWI04</strong>&nbsp;l&agrave; d&ograve;ng&nbsp;<strong><a href=\"https://tuyaviet.com/camera-thong-minh-tuya\">Camera Wifi Tuya</a></strong>&nbsp;trong nh&agrave; rất đ&aacute;ng để qu&yacute; kh&aacute;ch lựa chọn. Ngo&agrave;i kiểu d&aacute;ng nhỏ gọn xinh xắn th&igrave; d&ograve;ng Camera n&agrave;y được trang bị h&agrave;ng loạt c&aacute;c t&iacute;nh năng th&ocirc;ng minh v&agrave; an to&agrave;n cao.</p>\r\n\r\n<p><img alt=\"Tuya CWI04-Detail 1\" decoding=\"async\" height=\"815\" loading=\"lazy\" sizes=\"(max-width: 800px) 100vw, 800px\" src=\"https://tuyaviet.com/wp-content/uploads/Tuya-CWI04-Detail-2-1.jpg\" srcset=\"https://tuyaviet.com/wp-content/uploads/Tuya-CWI04-Detail-2-1.jpg 800w, https://tuyaviet.com/wp-content/uploads/Tuya-CWI04-Detail-2-1-491x500.jpg 491w, https://tuyaviet.com/wp-content/uploads/Tuya-CWI04-Detail-2-1-768x782.jpg 768w, https://tuyaviet.com/wp-content/uploads/Tuya-CWI04-Detail-2-1-500x509.jpg 500w\" width=\"800\" /></p>\r\n\r\n<p>Đầu ti&ecirc;n l&agrave;&nbsp;<strong><a href=\"https://tuyaviet.com/san-pham/camera-wifi-tuya-cwi04-indoor\">Camera Tuya Wifi CWI04</a></strong>&nbsp;được thiết kế với t&iacute;nh năng xoay qua lại 550* v&agrave; l&ecirc;n xuống 90* gi&uacute;p c&oacute; thể gi&aacute;m s&aacute;t mọi ng&oacute;c ng&aacute;ch trong ng&ocirc;i nh&agrave;.</p>\r\n\r\n<p><img alt=\"Tuya CWI04-Detail 1\" decoding=\"async\" height=\"800\" loading=\"lazy\" sizes=\"(max-width: 800px) 100vw, 800px\" src=\"https://tuyaviet.com/wp-content/uploads/Tuya-CWI04-Detail-3-1.jpg\" srcset=\"https://tuyaviet.com/wp-content/uploads/Tuya-CWI04-Detail-3-1.jpg 800w, https://tuyaviet.com/wp-content/uploads/Tuya-CWI04-Detail-3-1-500x500.jpg 500w, https://tuyaviet.com/wp-content/uploads/Tuya-CWI04-Detail-3-1-300x300.jpg 300w, https://tuyaviet.com/wp-content/uploads/Tuya-CWI04-Detail-3-1-768x768.jpg 768w, https://tuyaviet.com/wp-content/uploads/Tuya-CWI04-Detail-3-1-100x100.jpg 100w\" width=\"800\" /></p>\r\n\r\n<p>T&iacute;nh tiện lợi tiếp theo m&agrave;&nbsp;<strong><a href=\"https://tuyaviet.com/camera-thong-minh-tuya\">Camera Tuya</a></strong>&nbsp;n&agrave;y hỗ trợ l&agrave; c&oacute; thể đ&agrave;m thoại 2 chiều, n&oacute; gi&uacute;p bạn giao tiếp với người th&acirc;n trong gia đ&igrave;nh, người gi&uacute;p việc, người giao h&agrave;ng một c&aacute;ch dễ d&agrave;ng.</p>\r\n\r\n<p><img alt=\"Tuya CWI04-Detail 1\" decoding=\"async\" height=\"800\" loading=\"lazy\" sizes=\"(max-width: 800px) 100vw, 800px\" src=\"https://tuyaviet.com/wp-content/uploads/Tuya-CWI04-Detail-4-1.jpg\" srcset=\"https://tuyaviet.com/wp-content/uploads/Tuya-CWI04-Detail-4-1.jpg 800w, https://tuyaviet.com/wp-content/uploads/Tuya-CWI04-Detail-4-1-500x500.jpg 500w, https://tuyaviet.com/wp-content/uploads/Tuya-CWI04-Detail-4-1-300x300.jpg 300w, https://tuyaviet.com/wp-content/uploads/Tuya-CWI04-Detail-4-1-768x768.jpg 768w, https://tuyaviet.com/wp-content/uploads/Tuya-CWI04-Detail-4-1-100x100.jpg 100w\" width=\"800\" /></p>\r\n\r\n<p>T&iacute;nh năng an to&agrave;n m&agrave;&nbsp;<strong><a href=\"https://tuyaviet.com/camera-thong-minh-tuya\">Camera Tuya Wifi</a></strong>&nbsp;n&agrave;y được t&iacute;ch hợp cảm biến chuyển động gi&uacute;p n&oacute; c&oacute; thể ph&aacute;t hiện chuyển động l&agrave; v&agrave; gửi tin nhắn theo thời gian m&agrave; bạn c&oacute; thể cấu h&igrave;nh trực tiếp từ App theo nhu cầu thực tế của m&igrave;nh/</p>\r\n\r\n<p><img alt=\"Tuya CWI04-Detail 1\" decoding=\"async\" height=\"800\" loading=\"lazy\" sizes=\"(max-width: 800px) 100vw, 800px\" src=\"https://tuyaviet.com/wp-content/uploads/Tuya-CWI04-Detail-5.jpg\" srcset=\"https://tuyaviet.com/wp-content/uploads/Tuya-CWI04-Detail-5.jpg 800w, https://tuyaviet.com/wp-content/uploads/Tuya-CWI04-Detail-5-500x500.jpg 500w, https://tuyaviet.com/wp-content/uploads/Tuya-CWI04-Detail-5-300x300.jpg 300w, https://tuyaviet.com/wp-content/uploads/Tuya-CWI04-Detail-5-768x768.jpg 768w, https://tuyaviet.com/wp-content/uploads/Tuya-CWI04-Detail-5-100x100.jpg 100w\" width=\"800\" /></p>\r\n\r\n<p>Nằm trong hệ sinh th&aacute;i&nbsp;<strong><a href=\"https://tuyaviet.com/\">nh&agrave; th&ocirc;ng minh Tuya</a></strong>&nbsp;cho n&ecirc;n người d&ugrave;ng ho&agrave;n to&agrave;n c&oacute; thể kết hợp với thiết bị SmartHome kh&aacute;c để điều khiển lẫn nhau, thậm ch&iacute; bạn ho&agrave;n to&agrave;n c&oacute; thể điều khiển bằng giọng n&oacute;i th&ocirc;ng qua c&aacute;c trợ l&yacute; ảo: Google Assistant, Alexa Amazon,&nbsp;<strong><a href=\"https://tuyaviet.com/san-pham/loa-thong-minh-maika\">loa Maika</a></strong>&nbsp;của người Việt&hellip;</p>\r\n\r\n<p><img alt=\"Tuya CWI04-Detail 1\" decoding=\"async\" height=\"800\" loading=\"lazy\" sizes=\"(max-width: 800px) 100vw, 800px\" src=\"https://tuyaviet.com/wp-content/uploads/Tuya-CWI04-Detail-6-1.jpg\" srcset=\"https://tuyaviet.com/wp-content/uploads/Tuya-CWI04-Detail-6-1.jpg 800w, https://tuyaviet.com/wp-content/uploads/Tuya-CWI04-Detail-6-1-500x500.jpg 500w, https://tuyaviet.com/wp-content/uploads/Tuya-CWI04-Detail-6-1-300x300.jpg 300w, https://tuyaviet.com/wp-content/uploads/Tuya-CWI04-Detail-6-1-768x768.jpg 768w, https://tuyaviet.com/wp-content/uploads/Tuya-CWI04-Detail-6-1-100x100.jpg 100w\" width=\"800\" /></p>\r\n\r\n<form action=\"https://tuyaviet.com/wp-comments-post.php\" id=\"commentform\" method=\"post\" novalidate=\"\">&nbsp;\r\n<p>&nbsp;</p>\r\n\r\n<p>&nbsp;</p>\r\n\r\n<p>&nbsp;</p>\r\n</form>\r\n', 'upload/images/Tuya-CWI04-1-768x768.jpg', 1, 1, 0);

-- --------------------------------------------------------

--
-- Cấu trúc bảng cho bảng `tbl_status`
--

CREATE TABLE `tbl_status` (
  `status_id` int(11) NOT NULL,
  `status_name` varchar(100) NOT NULL
) ENGINE=InnoDB DEFAULT CHARSET=utf8mb4 COLLATE=utf8mb4_vietnamese_ci;

--
-- Đang đổ dữ liệu cho bảng `tbl_status`
--

INSERT INTO `tbl_status` (`status_id`, `status_name`) VALUES
(1, 'Chờ xử lý'),
(2, 'Đang giao hàng'),
(3, 'Giao hàng thành công'),
(4, 'Đã hủy');

-- --------------------------------------------------------

--
-- Cấu trúc bảng cho bảng `tbl_user`
--

CREATE TABLE `tbl_user` (
  `user_id` int(20) NOT NULL,
  `username` varchar(30) NOT NULL,
  `pass` varchar(100) NOT NULL,
  `fullname` varchar(100) NOT NULL,
  `email` varchar(40) NOT NULL,
  `gender` varchar(10) NOT NULL,
  `phone_num` varchar(15) NOT NULL,
  `address` varchar(100) NOT NULL,
  `rule_user` int(1) NOT NULL
) ENGINE=InnoDB DEFAULT CHARSET=utf8mb4 COLLATE=utf8mb4_general_ci;

--
-- Đang đổ dữ liệu cho bảng `tbl_user`
--

INSERT INTO `tbl_user` (`user_id`, `username`, `pass`, `fullname`, `email`, `gender`, `phone_num`, `address`, `rule_user`) VALUES
(15, 'adminta', '2637a5c30af69a7bad877fdb65fbd78b', 'Nguyễn Thị Tú Anh', 'tuanh110301@gmail.com', 'nữ', '0123456789', 'Thái Nguyên', 1),
(16, 'ducdn01', '61d838a49eedfa0c8f536777648e66d8', 'Đỗ ngọc đức', 'ducdo23022001@gmail.com', 'Nam', '0913504677', 'Hà Nam', 1),
(17, 'kientm01', '4cd1c4ef8c6e7425abb77033f08b09ec', 'Trần Mạnh Kiên', 'kientd01@gmail.com', 'Nam', '0000111333', 'Hà Giang', 0),
(18, 'duyln01', '66594268d21c1bb36ffa32c96da3ff25', 'Lê Ngọc Duy', 'duyln01@gmail.com', 'Nam', '0111222333', 'Quảng Ninh', 0),
(19, 'quytt01', 'bf76f78a19690a2ce9b67daf74a1f911', 'Trần Trọng Quý', 'quytt0102@gmail.com', 'Nam', '0000111225', 'Hà Nam', 0),
(20, 'kimht01', '04e36c3bfeb7b7656d3ea8ad71952806', 'Hoàng Thị Kim', 'kimht2001@gmail.com', 'Nữ', '0999121212', 'Hưng Yên', 0),
(21, 'phuonght01', 'ef785af129d4b799975e848d2427d782', 'Hà Thị Phượng', 'phuonght2001@gmail.com', 'Nữ', '0888555666', 'Hà Nội', 1),
(22, 'dungla01', '53165a6f28b4abd4c689e215a337e3be', 'Lê Anh Dũng', 'dungla2001@gmail.com', 'Nam', '0111444555', 'Hà Nội', 0),
(23, 'haibt01', 'bb993dd888831c61937903157ed12bae', 'Bùi Thị Hải', 'haibt2001@gmail.com', 'Nữ', '0888555666', 'Hưng Yên', 1),
(24, 'hungnv01', '280fe000117ee9e4154f7f58db9d5b86', 'Nguyễn Văn Hùng', 'hungnv2001@gmail.com', 'Nam', '0912444555', 'Hà Nội', 0),
(25, 'Sis123', '3581a49af22469911534b711d915e808', 'ng', 'sis123@gmail.com', 'ad', '0128888271', '123', 0);

--
-- Chỉ mục cho các bảng đã đổ
--

--
-- Chỉ mục cho bảng `tbl_brand`
--
ALTER TABLE `tbl_brand`
  ADD PRIMARY KEY (`brand_id`,`cat_id`),
  ADD KEY `cat_id` (`cat_id`);

--
-- Chỉ mục cho bảng `tbl_cart`
--
ALTER TABLE `tbl_cart`
  ADD KEY `fk_proid` (`user_id`),
  ADD KEY `fk_proidd` (`pro_id`);

--
-- Chỉ mục cho bảng `tbl_category`
--
ALTER TABLE `tbl_category`
  ADD PRIMARY KEY (`cat_id`);

--
-- Chỉ mục cho bảng `tbl_order`
--
ALTER TABLE `tbl_order`
  ADD PRIMARY KEY (`order_id`),
  ADD KEY `fk_user` (`user_id`);

--
-- Chỉ mục cho bảng `tbl_orderdetail`
--
ALTER TABLE `tbl_orderdetail`
  ADD KEY `tbl_orderid` (`order_id`),
  ADD KEY `fkpro` (`pro_id`);

--
-- Chỉ mục cho bảng `tbl_product`
--
ALTER TABLE `tbl_product`
  ADD PRIMARY KEY (`pro_id`),
  ADD KEY `fk_catid` (`cat_id`),
  ADD KEY `fk_brand_id` (`brand_id`),
  ADD KEY `cat_id` (`cat_id`,`brand_id`);

--
-- Chỉ mục cho bảng `tbl_status`
--
ALTER TABLE `tbl_status`
  ADD PRIMARY KEY (`status_id`);

--
-- Chỉ mục cho bảng `tbl_user`
--
ALTER TABLE `tbl_user`
  ADD PRIMARY KEY (`user_id`);

--
-- AUTO_INCREMENT cho các bảng đã đổ
--

--
-- AUTO_INCREMENT cho bảng `tbl_brand`
--
ALTER TABLE `tbl_brand`
  MODIFY `brand_id` int(20) NOT NULL AUTO_INCREMENT, AUTO_INCREMENT=14;

--
-- AUTO_INCREMENT cho bảng `tbl_category`
--
ALTER TABLE `tbl_category`
  MODIFY `cat_id` int(30) NOT NULL AUTO_INCREMENT, AUTO_INCREMENT=8;

--
-- AUTO_INCREMENT cho bảng `tbl_order`
--
ALTER TABLE `tbl_order`
  MODIFY `order_id` int(11) NOT NULL AUTO_INCREMENT, AUTO_INCREMENT=132;

--
-- AUTO_INCREMENT cho bảng `tbl_product`
--
ALTER TABLE `tbl_product`
  MODIFY `pro_id` int(11) NOT NULL AUTO_INCREMENT, AUTO_INCREMENT=94;

--
-- AUTO_INCREMENT cho bảng `tbl_status`
--
ALTER TABLE `tbl_status`
  MODIFY `status_id` int(11) NOT NULL AUTO_INCREMENT, AUTO_INCREMENT=5;

--
-- AUTO_INCREMENT cho bảng `tbl_user`
--
ALTER TABLE `tbl_user`
  MODIFY `user_id` int(20) NOT NULL AUTO_INCREMENT, AUTO_INCREMENT=26;

--
-- Các ràng buộc cho các bảng đã đổ
--

--
-- Các ràng buộc cho bảng `tbl_brand`
--
ALTER TABLE `tbl_brand`
  ADD CONSTRAINT `tbl_brand_ibfk_1` FOREIGN KEY (`cat_id`) REFERENCES `tbl_category` (`cat_id`);

--
-- Các ràng buộc cho bảng `tbl_cart`
--
ALTER TABLE `tbl_cart`
  ADD CONSTRAINT `fk_proidd` FOREIGN KEY (`pro_id`) REFERENCES `tbl_product` (`pro_id`) ON DELETE CASCADE ON UPDATE CASCADE,
  ADD CONSTRAINT `fk_userid` FOREIGN KEY (`user_id`) REFERENCES `tbl_user` (`user_id`) ON DELETE CASCADE ON UPDATE CASCADE;

--
-- Các ràng buộc cho bảng `tbl_order`
--
ALTER TABLE `tbl_order`
  ADD CONSTRAINT `fk_user` FOREIGN KEY (`user_id`) REFERENCES `tbl_user` (`user_id`) ON DELETE CASCADE ON UPDATE CASCADE;

--
-- Các ràng buộc cho bảng `tbl_orderdetail`
--
ALTER TABLE `tbl_orderdetail`
  ADD CONSTRAINT `fkpro` FOREIGN KEY (`pro_id`) REFERENCES `tbl_product` (`pro_id`) ON DELETE CASCADE ON UPDATE CASCADE,
  ADD CONSTRAINT `tbl_orderid` FOREIGN KEY (`order_id`) REFERENCES `tbl_order` (`order_id`) ON DELETE CASCADE ON UPDATE CASCADE;

--
-- Các ràng buộc cho bảng `tbl_product`
--
ALTER TABLE `tbl_product`
  ADD CONSTRAINT `fk_catid` FOREIGN KEY (`cat_id`) REFERENCES `tbl_category` (`cat_id`);
COMMIT;

/*!40101 SET CHARACTER_SET_CLIENT=@OLD_CHARACTER_SET_CLIENT */;
/*!40101 SET CHARACTER_SET_RESULTS=@OLD_CHARACTER_SET_RESULTS */;
/*!40101 SET COLLATION_CONNECTION=@OLD_COLLATION_CONNECTION */;
